"pri_miRNA","mature_seq_5p","mature_seq_3p","pre_seq"
"mmu-let-7a-1","UGAGGUAGUAGGUUGUAUAGUU","CUAUACAAUCUACUGUCUUUCC","UGAGGUAGUAGGUUGUAUAGUUUUAGGGUCACACCCACCACUGGGAGAUAACUAUACAAUCUACUGUCUUUC"
"mmu-let-7a-2","UGAGGUAGUAGGUUGUAUAGUU","CUGUACAGCCUCCUAGCUUUC","UGAGGUAGUAGGUUGUAUAGUUUAGAGUUACAUCAAGGGAGAUAACUGUACAGCCUCCUAGCUUUCC"
"mmu-let-7b","UGAGGUAGUAGGUUGUGUGGUU","CUAUACAACCUACUGCCUUCCC","UGAGGUAGUAGGUUGUGUGGUUUCAGGGCAGUGAUGUUGCCCCUCCGAAGAUAACUAUACAACCUACUGCCUUCC"
"mmu-let-7c-1","UGAGGUAGUAGGUUGUAUGGUU","CUGUACAACCUUCUAGCUUUCC","UGAGGUAGUAGGUUGUAUGGUUUAGAGUUACACCCUGGGAGUUAACUGUACAACCUUCUAGCUUUCC"
"mmu-let-7c-2","UGAGGUAGUAGGUUGUAUGGUU","CUAUACAAUCUACUGUCUUUCC","UGAGGUAGUAGGUUGUAUGGUUUUGGGCUCUGCCCCGCUCUGCGGUAACUAUACAAUCUACUGUCUUUC"
"mmu-let-7d","AGAGGUAGUAGGUUGCAUAGUU","CUAUACGACCUGCUGCCUUUCU","AGAGGUAGUAGGUUGCAUAGUUUUAGGGCAGAGAUUUUGCCCACAAGGAGUUAACUAUACGACCUGCUGCCUUUC"
"mmu-let-7e","UGAGGUAGGAGGUUGUAUAGUU","CUAUACGGCCUCCUAGCUUUCC","UGAGGUAGGAGGUUGUAUAGUUGAGGAAGACACCCGAGGAGAUCACUAUACGGCCUCCUAGCUUUCC"
"mmu-let-7f-1","UGAGGUAGUAGAUUGUAUAGUU","CUAUACAAUCUAUUGCCUUCCC","UGAGGUAGUAGAUUGUAUAGUUGUGGGGUAGUGAUUUUACCCUGUUUAGGAGAUAACUAUACAAUCUAUUGCCUUCC"
"mmu-let-7f-2","UGAGGUAGUAGAUUGUAUAGUU","CUAUACAGUCUACUGUCUUUC","UGAGGUAGUAGAUUGUAUAGUUUUAGGGUCAUACCCCAUCUUGGAGAUAACUAUACAGUCUACUGUCUUUC"
"mmu-let-7g","UGAGGUAGUAGUUUGUACAGUU","ACUGUACAGGCCACUGCCUUGC","UGAGGUAGUAGUUUGUACAGUUUGAGGGUCUAUGAUACCACCCGGUACAGGAGAUAACUGUACAGGCCACUGCCUUGC"
"mmu-let-7i","UGAGGUAGUAGUUUGUGCUGUU","CUGCGCAAGCUACUGCCUUGCU","UGAGGUAGUAGUUUGUGCUGUUGGUCGGGUUGUGACAUUGCCCGCUGUGGAGAUAACUGCGCAAGCUACUGCCUUGC"
"mmu-mir-100","AACCCGUAGAUCCGAACUUGUG","ACAAGCUUGUGUCUAUAGGUAU","AACCCGUAGAUCCGAACUUGUGCUGAUUCUGCACACAAGCUUGUGUCUAUAGGUAUG"
"mmu-mir-101a","UCAGUUAUCACAGUGCUGAUGC","UACAGUACUGUGAUAACUGAA","UCAGUUAUCACAGUGCUGAUGCUGUCCAUUCUAAAGGUACAGUACUGUGAUAACUGAAG"
"mmu-mir-101b","UCGGUUAUCAUGGUACCGAUGCU","GUACAGUACUGUGAUAGCU","UCGGUUAUCAUGGUACCGAUGCUGUAGCUCUGAAAGGUACAGUACUGUGAUAGCUGAAG"
"mmu-mir-103-1","GGCUUCUUUACAGUGCUGCCUUG","AGCAGCAUUGUACAGGGCUAUGA","GGCUUCUUUACAGUGCUGCCUUGUUGCAUAUGGAUCAAGCAGCAUUGUACAGGGCUAUGA"
"mmu-mir-103-2","AGCUUCUUUACAGUGCUGCCUUG","AGCAGCAUUGUACAGGGCUAUGA","AGCUUCUUUACAGUGCUGCCUUGUAGCAUUCAGGUCAAGCAGCAUUGUACAGGGCUAUGA"
"mmu-mir-106a","CAAAGUGCUAACAGUGCAGGUAG","ACUGCAGUGCCAGCACUUCUUAC","CAAAGUGCUAACAGUGCAGGUAGCUUUUUGAGUUCUACUGCAGUGCCAGCACUUCUUAC"
"mmu-mir-106b","UAAAGUGCUGACAGUGCAGAU","CCGCACUGUGGGUACUUGCUGC","UAAAGUGCUGACAGUGCAGAUAGUGGUCCUCUCUGUGCUACCGCACUGUGGGUACUUGCUGC"
"mmu-mir-107","AGCUUCUUUACAGUGUUGCCUUG","AGCAGCAUUGUACAGGGCUAUCA","AGCUUCUUUACAGUGUUGCCUUGUGGCAUGGAGUUCAAGCAGCAUUGUACAGGGCUAUCA"
"mmu-mir-10a","UACCCUGUAGAUCCGAAUUUGUG","CAAAUUCGUAUCUAGGGGAAUA","UACCCUGUAGAUCCGAAUUUGUGUAAGGAAUUUUGUGGUCACAAAUUCGUAUCUAGGGGAAUA"
"mmu-mir-10b","UACCCUGUAGAACCGAAUUUGUG","CAGAUUCGAUUCUAGGGGAAUA","UACCCUGUAGAACCGAAUUUGUGUGGUACCCACAUAGUCACAGAUUCGAUUCUAGGGGAAUA"
"mmu-mir-1193","UGGUAGACCGGUGACGUACA","UAGGUCACCCGUUUUACUAUC","AUGGUAGACCGGUGACGUACACUUCAUUUAUGCUGUAGGUCACCCGUUUUACUAUCC"
"mmu-mir-1197","CGGUUGACCAUGGUGUGUACG","UAGGACACAUGGUCUACUUCU","CGGUUGACCAUGGUGUGUACGCUUUAUUUAUGACGUAGGACACAUGGUCUACUUCU"
"mmu-mir-1198","UAUGUGUUCCUGGCUGGCUUGG","AAGCUAGCCUCUAACUCAUGGC","UAUGUGUUCCUGGCUGGCUUGGUACUCAUGUGUAGCCCAAGCUAGCCUCUAACUCAUGGC"
"mmu-mir-122","UGGAGUGUGACAAUGGUGUUUG","AAACGCCAUUAUCACACUAAAU","UGGAGUGUGACAAUGGUGUUUGUGUCCAAACCAUCAAACGCCAUUAUCACACUAAAUA"
"mmu-mir-1247","ACCCGUCCCGUUCGUCCCCGGA","CGGGAACGUCGAGACUGGAGC","ACCCGUCCCGUUCGUCCCCGGACGUUGCUCUCUGCCCCGGGAACGUCGAGACUGGAGC"
"mmu-mir-1249","AGGAGGGAGGGGAUGGGCCAAGUUC","ACGCCCUUCCCCCCCUUCUUCA","AGGAGGGAGGGGAUGGGCCAAGUUCCCUAUGCCUGGAACGCCCUUCCCCCCCUUCUUCA"
"mmu-mir-1251","ACUCUAGCUGCCAAAGGCGCU","CGCUUUGCUCAGCCAGUGUAG","ACUCUAGCUGCCAAAGGCGCUUCUCCUUCUGAACAGAGCGCUUUGCUCAGCCAGUGUAG"
"mmu-mir-125a","UCCCUGAGACCCUUUAACCUGUGA","ACAGGUGAGGUUCUUGGGAGCC","UCCCUGAGACCCUUUAACCUGUGAGGACGUCCAGGGUCACAGGUGAGGUUCUUGGGAGCC"
"mmu-mir-125b-1","UCCCUGAGACCCUAACUUGUGA","ACGGGUUAGGCUCUUGGGAGCU","UCCCUGAGACCCUAACUUGUGAUGUUUACCGUUUAAAUCCACGGGUUAGGCUCUUGGGAGCU"
"mmu-mir-125b-2","UCCCUGAGACCCUAACUUGUGA","ACAAGUCAGGUUCUUGGGACCU","UCCCUGAGACCCUAACUUGUGAGGUAUUUUAGUAACAUCACAAGUCAGGUUCUUGGGACCU"
"mmu-mir-1264","AGGUCCUCAAUAAGUAUUUGUU","CAAAUCUUAUUUGAGCACCUGU","AGGUCCUCAAUAAGUAUUUGUUGAAAAAAUAAAUGAAGCAACAAAUCUUAUUUGAGCACCUGU"
"mmu-mir-126a","CAUUAUUACUUUUGGUACGCG","UCGUACCGUGAGUAAUAAUGCG","CAUUAUUACUUUUGGUACGCGCUGUGACACUUCAAACUCGUACCGUGAGUAAUAAUGCG"
"mmu-mir-127","CUGAAGCUCAGAGGGCUCUGAU","UCGGAUCCGUCUGAGCUUGGCU","CUGAAGCUCAGAGGGCUCUGAUUCAGAAAGAUCAUCGGAUCCGUCUGAGCUUGGCU"
"mmu-mir-128-1","CGGGGCCGUAGCACUGUCUGA","UCACAGUGAACCGGUCUCUUU","CGGGGCCGUAGCACUGUCUGAGAGGUUUACAUUUCUCACAGUGAACCGGUCUCUUU"
"mmu-mir-128-2","GGGGGCCGAUGCACUGUAAGAGA","UCACAGUGAACCGGUCUCUUU","GGGGGCCGAUGCACUGUAAGAGAGUGAGUAGCAGGUCUCACAGUGAACCGGUCUCUUU"
"mmu-mir-129-1","CUUUUUGCGGUCUGGGCUUGC","AAGCCCUUACCCCAAAAAGUAU","CUUUUUGCGGUCUGGGCUUGCUGUUCUCUCGACAGUAGUCAGGAAGCCCUUACCCCAAAAAGUAU"
"mmu-mir-129-2","CUUUUUGCGGUCUGGGCUUGC","AAGCCCUUACCCCAAAAAGCAU","CUUUUUGCGGUCUGGGCUUGCUGUACAUAACUCAAUAGCCGGAAGCCCUUACCCCAAAAAGCAU"
"mmu-mir-1298","UUCAUUCGGCUGUCCAGAUGUA","CAUCUGGGCAACUGAUUGAACU","UUCAUUCGGCUGUCCAGAUGUACCCAAGUACCCUGUUAUUUGGCAAUACAUACAUCUGGGCAACUGAUUGAACU"
"mmu-mir-1306","CACCACCUCCCCUGCAAACGUCC","ACGUUGGCUCUGGUGGUGAUG","CCACCUCCCCUGCAAACGUCCAGUGAUGCAGAGGUAAUGGACGUUGGCUCUGGUGGUGAUG"
"mmu-mir-130a","GCUCUUUUCACAUUGUGCUACU","CAGUGCAAUGUUAAAAGGGCAU","GCUCUUUUCACAUUGUGCUACUGUCUAACGUGUACCGAGCAGUGCAAUGUUAAAAGGGCAU"
"mmu-mir-130b","ACUCUUUCCCUGUUGCACUACU","CAGUGCAAUGAUGAAAGGGCAU","ACUCUUUCCCUGUUGCACUACUGUGGGCCUCUGGGAAGCAGUGCAAUGAUGAAAGGGCAU"
"mmu-mir-132","AACCGUGGCUUUCGAUUGUUAC","UAACAGUCUACAGCCAUGGUCG","ACCGUGGCUUUCGAUUGUUACUGUGGGAACCGGAGGUAACAGUCUACAGCCAUGGUCG"
"mmu-mir-133b","GCUGGUCAAACGGAACCAAGUC","UUUGGUCCCCUUCAACCAGCUA","GCUGGUCAAACGGAACCAAGUCCGUCUUCCUGAGAGGUUUGGUCCCCUUCAACCAGCUA"
"mmu-mir-134","UGUGACUGGUUGACCAGAGGGG","CUGUGGGCCACCUAGUCACC","UGUGACUGGUUGACCAGAGGGGCGUGCACUCUGUUCACCCUGUGGGCCACCUAGUCACCAA"
"mmu-mir-135a-1","UAUGGCUUUUUAUUCCUAUGUGA","UAUAGGGAUUGGAGCCGUGGCG","UAUGGCUUUUUAUUCCUAUGUGAUUCUAUUGCUCGCUCAUAUAGGGAUUGGAGCCGUGGC"
"mmu-mir-135a-2","UAUGGCUUUUUAUUCCUAUGUGA","UGUAGGGAUGGAAGCCAUGAA","UAUGGCUUUUUAUUCCUAUGUGAUCGUAAUAAAGUCUCAUGUAGGGAUGGAAGCCAUGAA"
"mmu-mir-135b","UAUGGCUUUUCAUUCCUAUGUGA","AUGUAGGGCUAAAAGCCAUGGG","UAUGGCUUUUCAUUCCUAUGUGAUUGCUGCUCCGAACUCAUGUAGGGCUAAAAGCCAUGGG"
"mmu-mir-136","ACUCCAUUUGUUUUGAUGAUGG","AUCAUCGUCUCAAAUGAGUCUU","ACUCCAUUUGUUUUGAUGAUGGAUUCUUAAGCUCCAUCAUCGUCUCAAAUGAGUCU"
"mmu-mir-137","ACGGGUAUUCUUGGGUGGAUAAU","UUAUUGCUUAAGAAUACGCGUAG","GACGGGUAUUCUUGGGUGGAUAAUACGGAUUACGUUGUUAUUGCUUAAGAAUACGCGUAGU"
"mmu-mir-138-1","AGCUGGUGUUGUGAAUCAGGCCG","CGGCUACUUCACAACACCAGGG","AGCUGGUGUUGUGAAUCAGGCCGUUGCCAAUCAGAGAACGGCUACUUCACAACACCAGGGC"
"mmu-mir-138-2","AGCUGGUGUUGUGAAUCAGGCCG","GCUAUUUCACGACACCAGGGU","AGCUGGUGUUGUGAAUCAGGCCGACGAGCAGCGCAUCCUCUUACCCGGCUAUUUCACGACACCAGGGU"
"mmu-mir-139","UCUACAGUGCACGUGUCUCCAG","UGGAGACGCGGCCCUGUUGGAG","UCUACAGUGCACGUGUCUCCAGUGUGGCUCGGAGGCUGGAGACGCGGCCCUGUUGGAGU"
"mmu-mir-140","CAGUGGUUUUACCCUAUGGUAG","UACCACAGGGUAGAACCACGG","CAGUGGUUUUACCCUAUGGUAGGUUACGUCAUGCUGUUCUACCACAGGGUAGAACCACGGAC"
"mmu-mir-141","CAUCUUCCAGUGCAGUGUUGGA","UAACACUGUCUGGUAAAGAUGG","CAUCUUCCAGUGCAGUGUUGGAUGGUUGAAGUAUGAAGCUCCUAACACUGUCUGGUAAAGAUGGC"
"mmu-mir-142a","CAUAAAGUAGAAAGCACUACU","UGUAGUGUUUCCUACUUUAUGGA","CCCAUAAAGUAGAAAGCACUACUAACAGCACUGGAGGGUGUAGUGUUUCCUACUUUAUGGAUG"
"mmu-mir-143","GGUGCAGUGCUGCAUCUCUGG","UGAGAUGAAGCACUGUAGCUC","GGUGCAGUGCUGCAUCUCUGGUCAGUUGGGAGUCUGAGAUGAAGCACUGUAGCUC"
"mmu-mir-144","GGAUAUCAUCAUAUACUGUAAGU","UACAGUAUAGAUGAUGUACU","GGAUAUCAUCAUAUACUGUAAGUUUGUGAUGAGACACUACAGUAUAGAUGAUGUACUA"
"mmu-mir-145a","GUCCAGUUUUCCCAGGAAUCCCU","AUUCCUGGAAAUACUGUUCUUG","GUCCAGUUUUCCCAGGAAUCCCUUGGAUGCUAAGAUGGGGAUUCCUGGAAAUACUGUUCU"
"mmu-mir-146a","UGAGAACUGAAUUCCAUGGGUU","CCUGUGAAAUUCAGUUCUUCAG","UGAGAACUGAAUUCCAUGGGUUAUAUCAAUGUCAGACCUGUGAAAUUCAGUUCUUCAG"
"mmu-mir-146b","UGAGAACUGAAUUCCAUAGGCU","GCCCUAGGGACUCAGUUCUGGU","UGAGAACUGAAUUCCAUAGGCUGUGAGCUCUAGCAGACGCCCUAGGGACUCAGUUCUGGU"
"mmu-mir-147","UGGAAACAUUUCUGCACAAACUAG","GUGUGCGGAAAUGCUUCUGCUA","GUGGAAACAUUUCUGCACAAACUAGAUGUUGAUGCCAGUGUGCGGAAAUGCUUCUGCUA"
"mmu-mir-148a","AAAGUUCUGAGACACUCCGACU","UCAGUGCACUACAGAACUUUGU","AAAGUUCUGAGACACUCCGACUCUGAGUAUGAUAGAAGUCAGUGCACUACAGAACUUUGU"
"mmu-mir-148b","GAAGUUCUGUUAUACACUCAGGCU","UCAGUGCAUCACAGAACUUUGU","GAAGUUCUGUUAUACACUCAGGCUGUGGCUCUGAAAGUCAGUGCAUCACAGAACUUUGU"
"mmu-mir-149","UCUGGCUCCGUGUCUUCACUCCC","GAGGGAGGGACGGGGGCGGUGC","UCUGGCUCCGUGUCUUCACUCCCGUGUUUGUCCGAGGAGGGAGGGAGGGACGGGGGCGGUGC"
"mmu-mir-150","UCUCCCAACCCUUGUACCAGUG","CUGGUACAGGCCUGGGGGAUAG","UCUCCCAACCCUUGUACCAGUGCUGUGCCUCAGACCCUGGUACAGGCCUGGGGGAUA"
"mmu-mir-151","UCGAGGAGCUCACAGUCUAGU","CUAGACUGAGGCUCCUUGAGG","UCGAGGAGCUCACAGUCUAGUAUGUCUCCUCCCUACUAGACUGAGGCUCCUUGAGG"
"mmu-mir-152","UAGGUUCUGUGAUACACUCCGACU","UCAGUGCAUGACAGAACUUGG","UAGGUUCUGUGAUACACUCCGACUCGGGCUCUGGAGCAGUCAGUGCAUGACAGAACUUGGG"
"mmu-mir-153","GUCAUUUUUGUGACGUUGCAGCU","UUGCAUAGUCACAAAAGUGAUC","GUCAUUUUUGUGACGUUGCAGCUAGUAAUAUGAGCCCAGUUGCAUAGUCACAAAAGUGAUC"
"mmu-mir-154","UAGGUUAUCCGUGUUGCCUUCG","AAUCAUACACGGUUGACCUAUU","UAGGUUAUCCGUGUUGCCUUCGCUUUAUUCGUGACGAAUCAUACACGGUUGACCUAUU"
"mmu-mir-155","UUAAUGCUAAUUGUGAUAGGGGU","CUCCUACCUGUUAGCAUUAAC","UUAAUGCUAAUUGUGAUAGGGGUUUUGGCCUCUGACUGACUCCUACCUGUUAGCAUUAACA"
"mmu-mir-15a","UAGCAGCACAUAAUGGUUUGUG","CAGGCCAUACUGUGCUGCCUCA","UAGCAGCACAUAAUGGUUUGUGGAUGUUGAAAAGGUGCAGGCCAUACUGUGCUGCCUCA"
"mmu-mir-15b","UAGCAGCACAUCAUGGUUUACA","CGAAUCAUUAUUUGCUGCUCUA","UAGCAGCACAUCAUGGUUUACAUACUACAGUCAAGAUGCGAAUCAUUAUUUGCUGCUCUA"
"mmu-mir-16-1","UAGCAGCACGUAAAUAUUGGCG","CCAGUAUUGACUGUGCUGCUGA","UAGCAGCACGUAAAUAUUGGCGUUAAGAUUCUGAAAUUACCUCCAGUAUUGACUGUGCUGCUGAA"
"mmu-mir-16-2","UAGCAGCACGUAAAUAUUGGCG","ACCAAUAUUAUUGUGCUGCUUU","UAGCAGCACGUAAAUAUUGGCGUAGUGAAAUAAAUAUUAAACACCAAUAUUAUUGUGCUGCUUUA"
"mmu-mir-17","CAAAGUGCUUACAGUGCAGGUAG","ACUGCAGUGAGGGCACUUGUAG","CAAAGUGCUUACAGUGCAGGUAGUGAUGUGUGCAUCUACUGCAGUGAGGGCACUUGUAGC"
"mmu-mir-181a-1","AACAUUCAACGCUGUCGGUGAGU","ACCAUCGACCGUUGAUUGUACC","AACAUUCAACGCUGUCGGUGAGUUUGGAAUUCAAAUAAAAACCAUCGACCGUUGAUUGUACC"
"mmu-mir-181a-2","AACAUUCAACGCUGUCGGUGAGU","ACCACCGACCGUUGACUGUACC","AACAUUCAACGCUGUCGGUGAGUUUGGGAUUCAAAAACAAAAAAACCACCGACCGUUGACUGUACC"
"mmu-mir-181b-1","AACAUUCAUUGCUGUCGGUGGGUU","CUCACUGAACAAUGAAUGCAA","AACAUUCAUUGCUGUCGGUGGGUUGAACUGUGUAGAAAAGCUCACUGAACAAUGAAUGCAA"
"mmu-mir-181b-2","AACAUUCAUUGCUGUCGGUGGGUU","CUCACUGAUCAAUGAAUGCAAA","AACAUUCAUUGCUGUCGGUGGGUUUGAAUGUCAACCAACUCACUGAUCAAUGAAUGCAAA"
"mmu-mir-181c","AACAUUCAACCUGUCGGUGAGU","ACCAUCGACCGUUGAGUGGACC","AACAUUCAACCUGUCGGUGAGUUUGGGCAGCUCAGACAAACCAUCGACCGUUGAGUGGACC"
"mmu-mir-181d","AACAUUCAUUGUUGUCGGUGGGU","CCCACCGGGGGAUGAAUGUCA","AACAUUCAUUGUUGUCGGUGGGUUGUGAGGAGGCAGCCAGACCCACCGGGGGAUGAAUGUCA"
"mmu-mir-182","UUUGGCAAUGGUAGAACUCACACCG","GUGGUUCUAGACUUGCCAACU","UUUGGCAAUGGUAGAACUCACACCGGUAAGGUAAUGGGACCCGGUGGUUCUAGACUUGCCAACUA"
"mmu-mir-183","UAUGGCACUGGUAGAAUUCACU","GUGAAUUACCGAAGGGCCAUAA","UAUGGCACUGGUAGAAUUCACUGUGAACAGUCUCAGUCAGUGAAUUACCGAAGGGCCAUAAA"
"mmu-mir-184","CCUUAUCACUUUUCCAGCCAGC","UGGACGGAGAACUGAUAAGGGU","CCUUAUCACUUUUCCAGCCAGCUUUGUGACUCUAAGUGUUGGACGGAGAACUGAUAAGGGU"
"mmu-mir-185","UGGAGAGAAAGGCAGUUCCUGA","AGGGGCUGGCUUUCCUCUGGU","UGGAGAGAAAGGCAGUUCCUGAUGGUCCCCUCCCAGGGGCUGGCUUUCCUCUGGU"
"mmu-mir-186","CAAAGAAUUCUCCUUUUGGGCU","GCCCUAAGGUGAAUUUUUUGGG","CAAAGAAUUCUCCUUUUGGGCUUUCUCAUUUUAUUUUAAGCCCUAAGGUGAAUUUUUUGGG"
"mmu-mir-187","AGGCUACAACACAGGACCCGGG","UCGUGUCUUGUGUUGCAGCCGG","GGCUACAACACAGGACCCGGGCGCUGCUCUGACCCCUCGUGUCUUGUGUUGCAGCCGG"
"mmu-mir-188","CAUCCCUUGCAUGGUGGAGGG","CUCCCACAUGCAGGGUUUGCA","CAUCCCUUGCAUGGUGGAGGGUGAGCUCUCUGAAAACCCCUCCCACAUGCAGGGUUUGCA"
"mmu-mir-18a","UAAGGUGCAUCUAGUGCAGAUAG","ACUGCCCUAAGUGCUCCUUCUG","UAAGGUGCAUCUAGUGCAGAUAGUGAAGUAGACUAGCAUCUACUGCCCUAAGUGCUCCUUCUGGC"
"mmu-mir-18b","UAAGGUGCAUCUAGUGCUGUUAG","UACUGCCCUAAAUGCCCCUUCU","UAAGGUGCAUCUAGUGCUGUUAGUGAAGCAGCUUACAAUCUACUGCCCUAAAUGCCCCUUCUC"
"mmu-mir-190a","UGAUAUGUUUGAUAUAUUAGGU","ACUAUAUAUCAAGCAUAUUCCU","UGAUAUGUUUGAUAUAUUAGGUUGUUAUUUAAUCCAACUAUAUAUCAAGCAUAUUCCUA"
"mmu-mir-190b","UGAUAUGUUUGAUAUUGGGUUG","ACUGAAUGUCAAGCAUACUCUCA","UGAUAUGUUUGAUAUUGGGUUGUUAAAUUAUGAACCAACUGAAUGUCAAGCAUACUCUCA"
"mmu-mir-191","CAACGGAAUCCCAAAAGCAGCUG","GCUGCACUUGGAUUUCGUUCCC","CAACGGAAUCCCAAAAGCAGCUGUUGUCUCCAGAGCAUUCCAGCUGCACUUGGAUUUCGUUCCC"
"mmu-mir-1912","UGCUCAUUGCAUGGGCUGUGUA","CACAGAACAUGCAGUGAGAACU","UGCUCAUUGCAUGGGCUGUGUAGAUUUUUAUUUAAUACACAGAACAUGCAGUGAGAACU"
"mmu-mir-192","CUGACCUAUGAAUUGACAGCC","CUGCCAAUUCCAUAGGUCACAG","CUGACCUAUGAAUUGACAGCCAGUACUCUUUUCUCUCCUCUGGCUGCCAAUUCCAUAGGUCACAG"
"mmu-mir-1929","UUCUAGGACUUUAUAGAGCAGAG","CAGCUCAUGGAGACCUAGGUGG","UUCUAGGACUUUAUAGAGCAGAGGUUUGCAGCCUGUGACACUCAGCUCAUGGAGACCUAGGUGG"
"mmu-mir-1930","ACCUCCAUAGUACCUGCAGCGU","GGUGCAGUUACUGUGGCUGUGG","ACCUCCAUAGUACCUGCAGCGUGCUUGACUUUCUCUAUGGUGCAGUUACUGUGGCUGUGG"
"mmu-mir-1933","AGUCAUGGUGUUCGGUCUUAGUUU","CCAGGACCAUCAGUGUGACUAU","CAGUCAUGGUGUUCGGUCUUAGUUUGUGACCAGUUUAGUUUAACCAGGACCAUCAGUGUGACUAUU"
"mmu-mir-1934","UCUGGUCCCCUGCUUCGUCCUCU","AGGAUGACGGUGGGGCUGGUGA","UCUGGUCCCCUGCUUCGUCCUCUGUCCAGAUGUUAAGAGGAUGACGGUGGGGCUGGUGA"
"mmu-mir-193a","UGGGUCUUUGCGGGCAAGAUGA","AACUGGCCUACAAAGUCCCAGU","UGGGUCUUUGCGGGCAAGAUGAGAGUGUCAGUUCAACUGGCCUACAAAGUCCCAGU"
"mmu-mir-193b","CGGGGUUUUGAGGGCGAGAUGA","AACUGGCCCACAAAGUCCCGCU","CGGGGUUUUGAGGGCGAGAUGAGUUUGUGUUUUAUCCAACUGGCCCACAAAGUCCCGCU"
"mmu-mir-194-1","UGUAACAGCAACUCCAUGUGGA","CCAGUGGAGCUGCUGUUACUUC","UGUAACAGCAACUCCAUGUGGACUGUGCUCGGAUUCCAGUGGAGCUGCUGUUACUUC"
"mmu-mir-194-2","UGUAACAGCAACUCCAUGUGGA","CCAGUGGGGCUGCUGUUAUCUG","UGUAACAGCAACUCCAUGUGGAAGUGCCCACUGGUUCCAGUGGGGCUGCUGUUAUCUG"
"mmu-mir-1941","AGGGAGAUGCUGGUACAGAGGCUU","CAUCUUAGCAGUAUCUCCCAU","GAGGGAGAUGCUGGUACAGAGGCUUGGGGUUUUGAGGGCAUCUUAGCAGUAUCUCCCAUCC"
"mmu-mir-1943","AAGGGAGGAUCUGGGCACCUGGA","CAGGUGCCAGCUCCUCCCUUC","AAGGGAGGAUCUGGGCACCUGGACCAGCUCCUCCCUGCAGGUGCCAGCUCCUCCCUUCC"
"mmu-mir-1947","AGGACGAGCUAGCUGAGUGCUG","GCACUGAGCUAGCUCUCCCUCC","AGGACGAGCUAGCUGAGUGCUGCAGACACUCUAAGAGCACUGAGCUAGCUCUCCCUCC"
"mmu-mir-1948","AUAUGAGUAUUCUGCCUAAAU","UUUAGGCAGAGCACUCGUACAG","AUAUGAGUAUUCUGCCUAAAUGUGGUGUACGGAUACAUUUAGGCAGAGCACUCGUACAG"
"mmu-mir-1955","AGUCCCAGGAUGCACUGCAGCUUUU","GAGCAUUGCAUGCUGGGACAU","AGUCCCAGGAUGCACUGCAGCUUUUUCUUAACUUCAGAUAAGAGCAUUGCAUGCUGGGACAUG"
"mmu-mir-195a","UAGCAGCACAGAAAUAUUGGC","CCAAUAUUGGCUGUGCUGCUCC","UAGCAGCACAGAAAUAUUGGCAUGGGGAAGUGAGUCUGCCAAUAUUGGCUGUGCUGCUCCA"
"mmu-mir-1964","AGCUGGAGCACAAAAGCCGGUG","CCGACUUCUGGGCUCCGGCUUU","AGCUGGAGCACAAAAGCCGGUGCCGGUGUGAUGCCUACACCGACUUCUGGGCUCCGGCUUU"
"mmu-mir-196a-1","UAGGUAGUUUCAUGUUGUUGGG","CAACGACAUCAAACCACCUGAU","UAGGUAGUUUCAUGUUGUUGGGCCUGGCUUUCUGAACACAACGACAUCAAACCACCUGAU"
"mmu-mir-196a-2","UAGGUAGUUUCAUGUUGUUGGG","UCGGCAACAAGAAACUGCCUGA","UAGGUAGUUUCAUGUUGUUGGGAUUGAGUUUUGAACUCGGCAACAAGAAACUGCCUGAG"
"mmu-mir-196b","UAGGUAGUUUCCUGUUGUUGGG","UCGACAGCACGACACUGCCUUC","UAGGUAGUUUCCUGUUGUUGGGAUCCACCUUUCUCUCGACAGCACGACACUGCCUUCA"
"mmu-mir-199b","CCCAGUGUUUAGACUACCUGUUC","ACAGUAGUCUGCACAUUGGUUA","CCCAGUGUUUAGACUACCUGUUCAGGACUCCCAAAUUGUACAGUAGUCUGCACAUUGGUUA"
"mmu-mir-19a","UAGUUUUGCAUAGUUGCACUAC","UGUGCAAAUCUAUGCAAAACUGA","AGUUUUGCAUAGUUGCACUACAAGAAGAAUGUAGUUGUGCAAAUCUAUGCAAAACUGA"
"mmu-mir-19b-1","AGUUUUGCAGGUUUGCAUCCAGC","UGUGCAAAUCCAUGCAAAACUGA","AGUUUUGCAGGUUUGCAUCCAGCUGUAUAAUAUUCUGCUGUGCAAAUCCAUGCAAAACUGA"
"mmu-mir-19b-2","AGUUUUGCAGAUUUGCAGUUCAGC","UGUGCAAAUCCAUGCAAAACUGA","AGUUUUGCAGAUUUGCAGUUCAGCGUAUAUGUGAAUAUAUGGCUGUGCAAAUCCAUGCAAAACUGA"
"mmu-mir-1a-1","ACAUACUUCUUUAUAUGCCCAUA","UGGAAUGUAAAGAAGUAUGUAU","ACAUACUUCUUUAUAUGCCCAUAUGAACCUGCUAAGCUAUGGAAUGUAAAGAAGUAUGUAU"
"mmu-mir-1a-2","ACAUACUUCUUUAUGUACCCAUA","UGGAAUGUAAAGAAGUAUGUAU","ACAUACUUCUUUAUGUACCCAUAUGAACAUUCAGUGCUAUGGAAUGUAAAGAAGUAUGUAU"
"mmu-mir-200a","CAUCUUACCGGACAGUGCUGGA","UAACACUGUCUGGUAACGAUGU","CAUCUUACCGGACAGUGCUGGAUUUCUUGGCUUGACUCUAACACUGUCUGGUAACGAUGUU"
"mmu-mir-200b","CAUCUUACUGGGCAGCAUUGGA","UAAUACUGCCUGGUAAUGAUGA","CAUCUUACUGGGCAGCAUUGGAUAGUGUCUGAUCUCUAAUACUGCCUGGUAAUGAUGAC"
"mmu-mir-200c","CGUCUUACCCAGCAGUGUUUGG","UAAUACUGCCGGGUAAUGAUGGA","CGUCUUACCCAGCAGUGUUUGGGUGCUGGUUGGGAGUCUCUAAUACUGCCGGGUAAUGAUGGA"
"mmu-mir-201","UACUCAGUAAGGCAUUGUUCUU","UGAACAGUGCCUUUCUGUGUAGG","UACUCAGUAAGGCAUUGUUCUUCUAUAUUAAUAAAUGAACAGUGCCUUUCUGUGUAGG"
"mmu-mir-202","UUCCUAUGCAUAUACUUCUUU","AGAGGUAUAGCGCAUGGGAAGA","UUCCUAUGCAUAUACUUCUUUGUGGAUCUGGUCUAAAGAGGUAUAGCGCAUGGGAAGA"
"mmu-mir-203","AGUGGUUCUUGACAGUUCAACA","GUGAAAUGUUUAGGACCACUAG","AGUGGUUCUUGACAGUUCAACAGUUCUGUAGCACAAUUGUGAAAUGUUUAGGACCACUAG"
"mmu-mir-204","UUCCCUUUGUCAUCCUAUGCCU","GCUGGGAAGGCAAAGGGACGU","UUCCCUUUGUCAUCCUAUGCCUGAGAAUAUAUGAAGGAGGCUGGGAAGGCAAAGGGACGU"
"mmu-mir-205","UCCUUCAUUCCACCGGAGUCUG","GAUUUCAGUGGAGUGAAGCUCA","UCCUUCAUUCCACCGGAGUCUGUCUUAUGCCAACCAGAUUUCAGUGGAGUGAAGCUCA"
"mmu-mir-206","ACAUGCUUCUUUAUAUCCUCAUA","UGGAAUGUAAGGAAGUGUGUGG","ACAUGCUUCUUUAUAUCCUCAUAGAUAUCUCAGCACUAUGGAAUGUAAGGAAGUGUGUGG"
"mmu-mir-208a","GAGCUUUUGGCCCGGGUUAUAC","AUAAGACGAGCAAAAAGCUUGU","GAGCUUUUGGCCCGGGUUAUACCUGACACUCACGUAUAAGACGAGCAAAAAGCUUGU"
"mmu-mir-208b","AAGCUUUUUGCUCGCGUUAUGU","AUAAGACGAACAAAAGGUUUGU","AAGCUUUUUGCUCGCGUUAUGUUUCUCAUCCGAAUAUAAGACGAACAAAAGGUUUGU"
"mmu-mir-20a","UAAAGUGCUUAUAGUGCAGGUAG","ACUGCAUUACGAGCACUUAAAG","UAAAGUGCUUAUAGUGCAGGUAGUGUGUAGCCAUCUACUGCAUUACGAGCACUUAAAGU"
"mmu-mir-20b","CAAAGUGCUCAUAGUGCAGGUAG","ACUGCAGUGUGAGCACUUCUAG","CAAAGUGCUCAUAGUGCAGGUAGUUUUUAUACCACUCUACUGCAGUGUGAGCACUUCUAGU"
"mmu-mir-210","AGCCACUGCCCACCGCACACUG","CUGUGCGUGUGACAGCGGCUGA","AGCCACUGCCCACCGCACACUGCGUUGCUCCGGACCCACUGUGCGUGUGACAGCGGCUGA"
"mmu-mir-211","UUCCCUUUGUCAUCCUUUGCCU","GCAAGGACAGCAAAGGGGGGC","UUCCCUUUGUCAUCCUUUGCCUAGGCCUCUGAGUGAGGCAAGGACAGCAAAGGGGGGC"
"mmu-mir-212","ACCUUGGCUCUAGACUGCUUACU","UAACAGUCUCCAGUCACGGCCA","ACCUUGGCUCUAGACUGCUUACUGCCCGGGCCGCCUUCAGUAACAGUCUCCAGUCACGGCCA"
"mmu-mir-214","UGCCUGUCUACACUUGCUGUGC","ACAGCAGGCACAGACAGGCAGU","UGCCUGUCUACACUUGCUGUGCAGAACAUCCGCUCACCUGUACAGCAGGCACAGACAGGCAGU"
"mmu-mir-215","AUGACCUAUGAUUUGACAGAC","UCUGUCAUUCUGUAGGCCAAU","AUGACCUAUGAUUUGACAGACCGUGCAGCUGUGUAUGUCUGUCAUUCUGUAGGCCAAUA"
"mmu-mir-216a","UAAUCUCAGCUGGCAACUGUGA","CACAGUGGUCUCUGGGAUUAUG","UAAUCUCAGCUGGCAACUGUGAGAUGUCCCUAUCAUUCCUCACAGUGGUCUCUGGGAUUAUG"
"mmu-mir-216b","AAAUCUCUGCAGGCAAAUGUGA","ACACUUACCUGUAGAGAUUCUU","AAAUCUCUGCAGGCAAAUGUGAUGUCACUGAAGAAACCACACACUUACCUGUAGAGAUUCUU"
"mmu-mir-217","UACUGCAUCAGGAACUGACUGGA","CAUCAGUUCCUAAUGCAUUGCCU","AUACUGCAUCAGGAACUGACUGGAUAAGACUUAAUCCCCAUCAGUUCCUAAUGCAUUGCCU"
"mmu-mir-218-1","UUGUGCUUGAUCUAACCAUGU","AAACAUGGUUCCGUCAAGCACC","UUGUGCUUGAUCUAACCAUGUGCUUGCGAGGUAUGAGAAAAACAUGGUUCCGUCAAGCACCAUG"
"mmu-mir-218-2","UUGUGCUUGAUCUAACCAUGU","CAUGGUUCUGUCAAGCACCGCG","UUGUGCUUGAUCUAACCAUGUGGUGGAACGAUGGAAACGGAACAUGGUUCUGUCAAGCACCGCG"
"mmu-mir-219a-1","UGAUUGUCCAAACGCAAUUCU","AGAGUUGCGUCUGGACGUCCCG","UGAUUGUCCAAACGCAAUUCUCGAGUCUCUGGCUCCGGCCGAGAGUUGCGUCUGGACGUCCCG"
"mmu-mir-219a-2","UGAUUGUCCAAACGCAAUUCU","AGAAUUGUGGCUGGACAUCUGU","UGAUUGUCCAAACGCAAUUCUUGUACGAGUCUGCGGCCAACCGAGAAUUGUGGCUGGACAUCUGU"
"mmu-mir-219b","AGAUGUCCAGCCACAAUUCUCG","AGAAUUGCGUUUGGACAAUCAGU","AGAUGUCCAGCCACAAUUCUCGGUUGGCCGCAGACUCGUACAAGAAUUGCGUUUGGACAAUCAGU"
"mmu-mir-219c","GGACGUCCAGACGCAACUCUCG","CGAGAAUUGCGUUUGGACAAUC","GGACGUCCAGACGCAACUCUCGGCCGGAGCCAGAGACUCGAGAAUUGCGUUUGGACAAUCAG"
"mmu-mir-21a","UAGCUUAUCAGACUGAUGUUGA","CAACAGCAGUCGAUGGGCUGUC","UAGCUUAUCAGACUGAUGUUGACUGUUGAAUCUCAUGGCAACAGCAGUCGAUGGGCUGUC"
"mmu-mir-22","AGUUCUUCAGUGGCAAGCUUUA","AAGCUGCCAGUUGAAGAACUGU","AGUUCUUCAGUGGCAAGCUUUAUGUCCUGACCCAGCUAAAGCUGCCAGUUGAAGAACUGU"
"mmu-mir-221","ACCUGGCAUACAAUGUAGAUUUCUGU","AGCUACAUUGUCUGCUGGGUUUC","ACCUGGCAUACAAUGUAGAUUUCUGUGUUUGUUAGGCAACAGCUACAUUGUCUGCUGGGUUUC"
"mmu-mir-222","CUCAGUAGCCAGUGUAGAUCC","AGCUACAUCUGGCUACUGGGUCU","GGCUCAGUAGCCAGUGUAGAUCCUGUCUUUGGUAAUCAGCAGCUACAUCUGGCUACUGGGUCUC"
"mmu-mir-223","CGUGUAUUUGACAAGCUGAGUUG","UGUCAGUUUGUCAAAUACCCCA","CGUGUAUUUGACAAGCUGAGUUGGACACUCUGUGUGGUAGAGUGUCAGUUUGUCAAAUACCCCAA"
"mmu-mir-224","UAAGUCACUAGUGGUUCCGUU","AAAUGGUGCCCUAGUGACUACA","UAAGUCACUAGUGGUUCCGUUUAGUAGAUGGUUUGUGCAUUGUUUCAAAAUGGUGCCCUAGUGACUACAA"
"mmu-mir-23a","GGGGUUCCUGGGGAUGGGAUUU","AUCACAUUGCCAGGGAUUUCC","GGGGUUCCUGGGGAUGGGAUUUGAUGCCAGUCACAAAUCACAUUGCCAGGGAUUUCCAA"
"mmu-mir-23b","GGGUUCCUGGCAUGCUGAUUU","AUCACAUUGCCAGGGAUUACC","GGGUUCCUGGCAUGCUGAUUUGUGACUUGAGAUUAAAAUCACAUUGCCAGGGAUUACCAC"
"mmu-mir-24-1","GUGCCUACUGAGCUGAUAUCAGU","UGGCUCAGUUCAGCAGGAACAG","GUGCCUACUGAGCUGAUAUCAGUUCUCAUUUCACACACUGGCUCAGUUCAGCAGGAACAG"
"mmu-mir-24-2","GUGCCUACUGAGCUGAAACAGU","UGGCUCAGUUCAGCAGGAACAG","GUGCCUACUGAGCUGAAACAGUUGAUUCCAGUGCACUGGCUCAGUUCAGCAGGAACAG"
"mmu-mir-25","AGGCGGAGACUUGGGCAAUUGC","CAUUGCACUUGUCUCGGUCUGA","AGGCGGAGACUUGGGCAAUUGCUGGACGCUGCCCUGGGCAUUGCACUUGUCUCGGUCUGA"
"mmu-mir-26a-1","UUCAAGUAAUCCAGGAUAGGCU","CCUAUUCUUGGUUACUUGCACG","UUCAAGUAAUCCAGGAUAGGCUGUGCAGGUCCCAAGGGGCCUAUUCUUGGUUACUUGCACG"
"mmu-mir-26a-2","UUCAAGUAAUCCAGGAUAGGCU","CCUGUUCUUGAUUACUUGUUUC","UUCAAGUAAUCCAGGAUAGGCUGUGUCCGUCCAUGAGGCCUGUUCUUGAUUACUUGUUUC"
"mmu-mir-26b","UUCAAGUAAUUCAGGAUAGGU","CCUGUUCUCCAUUACUUGGCUC","UUCAAGUAAUUCAGGAUAGGUUGUGGUGCUGACCAGCCUGUUCUCCAUUACUUGGCUC"
"mmu-mir-27a","AGGGCUUAGCUGCUUGUGAGCA","UUCACAGUGGCUAAGUUCCGC","AGGGCUUAGCUGCUUGUGAGCAAGGUCCACAGCAAAGUCGUGUUCACAGUGGCUAAGUUCCGC"
"mmu-mir-27b","AGAGCUUAGCUGAUUGGUGAAC","UUCACAGUGGCUAAGUUCUGC","AGAGCUUAGCUGAUUGGUGAACAGUGAUUGGUUUCCGCUUUGUUCACAGUGGCUAAGUUCUGC"
"mmu-mir-28a","AAGGAGCUCACAGUCUAUUGAG","CACUAGAUUGUGAGCUGCUGGA","AAGGAGCUCACAGUCUAUUGAGUUGCCUUUCUGAUUCUCCCACUAGAUUGUGAGCUGCUGGA"
"mmu-mir-290a","ACUCAAACUAUGGGGGCACUUU","AAAGUGCCGCCUAGUUUUAAGCCC","ACUCAAACUAUGGGGGCACUUUUUUUUUUCUUUAAAAAGUGCCGCCUAGUUUUAAGCCC"
"mmu-mir-291a","CAUCAAAGUGGAGGCCCUCUCU","AAAGUGCUUCCACUUUGUGUGC","CAUCAAAGUGGAGGCCCUCUCUUGAGCCUGAAUGAGAAAGUGCUUCCACUUUGUGUGC"
"mmu-mir-291b","GAUCAAAGUGGAGGCCCUCUCC","AAAGUGCAUCCAUUUUGUUUGU","GAUCAAAGUGGAGGCCCUCUCCGCGGCUUGGCGGGAAAGUGCAUCCAUUUUGUUUGU"
"mmu-mir-292a","ACUCAAACUGGGGGCUCUUUUG","AAAGUGCCGCCAGGUUUUGAGUGU","ACUCAAACUGGGGGCUCUUUUGGAUUUUCAUCGGAAGAAAAGUGCCGCCAGGUUUUGAGUGU"
"mmu-mir-293","ACUCAAACUGUGUGACAUUUUG","AGUGCCGCAGAGUUUGUAGUGU","ACUCAAACUGUGUGACAUUUUGUUCUUUGUAAGAAGUGCCGCAGAGUUUGUAGUGU"
"mmu-mir-294","ACUCAAAAUGGAGGCCCUAUCU","AAAGUGCUUCCCUUUUGUGUGU","ACUCAAAAUGGAGGCCCUAUCUAAGCUUUUAAGUGGAAAGUGCUUCCCUUUUGUGUGU"
"mmu-mir-295","ACUCAAAUGUGGGGCACACUUC","AAAGUGCUACUACUUUUGAGUCU","ACUCAAAUGUGGGGCACACUUCUGGACUGUACAUAGAAAGUGCUACUACUUUUGAGUCU"
"mmu-mir-296","AGGGCCCCCCCUCAAUCCUGU","GAGGGUUGGGUGGAGGCUCUCC","AGGGCCCCCCCUCAAUCCUGUUGUGCUCGCUUCAGAGGGUUGGGUGGAGGCUCUCC"
"mmu-mir-298","GGCAGAGGAGGGCUGUUCUUCCC","GAGGAACUAGCCUUCUCUCAGCUU","GGCAGAGGAGGGCUGUUCUUCCCUUGAGUUUUAUGACUGGGAGGAACUAGCCUUCUCUCAGCUUA"
"mmu-mir-299a","UGGUUUACCGUCCCACAUACAU","UAUGUGGGACGGUAAACCGCUU","UGGUUUACCGUCCCACAUACAUUUUGAGUAUGUAUGUGGGACGGUAAACCGCU"
"mmu-mir-29a","ACUGAUUUCUUUUGGUGUUCAG","UAGCACCAUCUGAAAUCGGUUA","ACUGAUUUCUUUUGGUGUUCAGAGUCAAUAGAAUUUUCUAGCACCAUCUGAAAUCGGUUA"
"mmu-mir-29b-1","GCUGGUUUCAUAUGGUGGUUUA","UAGCACCAUUUGAAAUCAGUGUU","CUGGUUUCAUAUGGUGGUUUAGAUUUAAAUAGUGAUUGUCUAGCACCAUUUGAAAUCAGUGU"
"mmu-mir-29b-2","CUGGUUUCACAUGGUGGCUUAGAUU","UAGCACCAUUUGAAAUCAGUGUU","CUGGUUUCACAUGGUGGCUUAGAUUUUUCCAUCUUUGUAUCUAGCACCAUUUGAAAUCAGUGU"
"mmu-mir-29c","UGACCGAUUUCUCCUGGUGUUC","UAGCACCAUUUGAAAUCGGUUA","ACCGAUUUCUCCUGGUGUUCAGAGUCUGUUUUUGUCUAGCACCAUUUGAAAUCGGUUA"
"mmu-mir-300","UUGAAGAGAGGUUAUCCUUUGU","UAUGCAAGGGCAAGCUCUCUUC","AGAGAGGUUAUCCUUUGUGUGUUUGCUUUACGCGAAAUGAAUAUGCAAGGGCAAGCUCUCUUC"
"mmu-mir-301a","GCUCUGACUUUAUUGCACUACU","CAGUGCAAUAGUAUUGUCAAAGC","GCUCUGACUUUAUUGCACUACUGUACUUUACAGCGAGCAGUGCAAUAGUAUUGUCAAAGCAU"
"mmu-mir-301b","GCUCUGACUAGGUUGCACUACU","CAGUGCAAUGGUAUUGUCAAAGC","GCUCUGACUAGGUUGCACUACUGUGCUGUGAGAAGCAGUGCAAUGGUAUUGUCAAAGCAU"
"mmu-mir-302a","ACUUAAACGUGGUUGUACUUGC","UAAGUGCUUCCAUGUUUUGGUGA","ACUUAAACGUGGUUGUACUUGCUUUAGACCUAAGAAAGUAAGUGCUUCCAUGUUUUGGUGA"
"mmu-mir-302b","ACUUUAACAUGGGAAUGCUUUCU","UAAGUGCUUCCAUGUUUUAGUAG","ACUUUAACAUGGGAAUGCUUUCUGUCUCAUCGAAGAGUAAGUGCUUCCAUGUUUUAGUAG"
"mmu-mir-302c","GCUUUAACAUGGGGUUACCUGC","AAGUGCUUCCAUGUUUCAGUGG","GCUUUAACAUGGGGUUACCUGCUGUGUUAAACAAAAGCAAGUGCUUCCAUGUUUCAGUGG"
"mmu-mir-302d","ACUUUAACAUGGAGGCACUUGCU","UAAGUGCUUCCAUGUUUGAGUGU","ACUUUAACAUGGAGGCACUUGCUGUGCAUUUAAAAAUAAGUGCUUCCAUGUUUGAGUGU"
"mmu-mir-3057","AUUGGAGCUGAGAUUCUGCGGGAU","UCCCACAGGCCCAGCUCAUAGC","AUUGGAGCUGAGAUUCUGCGGGAUGGAUUAGGAGUAUAUUGUCCUCCCACAGGCCCAGCUCAUAGC"
"mmu-mir-3058","UCAGCCACGGCUUACCUGGAAGA","UUCCUGUCAGCCGUGGGUGCC","UCAGCCACGGCUUACCUGGAAGAUUGAAUGUCUACUUGGCUUUCUUCCUGUCAGCCGUGGGUGCCU"
"mmu-mir-3059","UUUCCUCUCUGCCCCAUAGGGU","CCUCUAGGGAAGAGAAGGUUGG","UUUCCUCUCUGCCCCAUAGGGUGUAGCUCUAACUACCCUCUAGGGAAGAGAAGGUUGG"
"mmu-mir-3060","GGGAGUGCUUCGUGCUUCUG","CCAUAGCACAGAAGCACUCCCA","GGGAGUGCUUCGUGCUUCUGGUUGAAGAGAAAAUGACCAUAGCACAGAAGCACUCCCA"
"mmu-mir-3061","CAGUGGGCCGUGAAAGGUAGCC","CUACCUUUGAUAGUCCACUGCC","CAGUGGGCCGUGAAAGGUAGCCUGGUGGUCCCCUUUGAGCUAAGGCUACCUUUGAUAGUCCACUGCC"
"mmu-mir-3065","UCAACAAAAUCACUGAUGCUGG","UCAGCACCAGGAUAUUGUUGGGG","UCAACAAAAUCACUGAUGCUGGAGUCACUGUGCACCCACUCAGCACCAGGAUAUUGUUGGGG"
"mmu-mir-3066","UUGGUUGCUGUAGAUUAAGUAG","CACUUAAUAGACCGCAACCUGC","UUGGUUGCUGUAGAUUAAGUAGUUUAAUAUGAUGCUGCACUUAAUAGACCGCAACCUGCA"
"mmu-mir-3067","AGUUCUCAGGCCCGCUGUGGUGU","CCAAGCGGCUGCCCUGGGAGAGG","AGUUCUCAGGCCCGCUGUGGUGUGAAGUUAGGUUCACCAAGCGGCUGCCCUGGGAGAGGG"
"mmu-mir-3068","UUGGAGUUCAUGCAAGUUCUAACC","GGUGAAUUGCAGUACUCCAACA","UUGGAGUUCAUGCAAGUUCUAACCAGCUUACUCAGUAGCUGGGUGAAUUGCAGUACUCCAACA"
"mmu-mir-3072","AGGGACCCCGAGGGAGGGCAGG","UGCCCCCUCCAGGAAGCCUUCU","AGGGACCCCGAGGGAGGGCAGGCUGCCCCAGGCCCUGCCCCCUCCAGGAAGCCUUCU"
"mmu-mir-3073a","GUGGUCACAGUUGGCGCCAGCC","UUGAUGUCCACUGUGACCAUAG","GUGGUCACAGUUGGCGCCAGCCCUAGAGUCUAGAUGGGUUGAUGUCCACUGUGACCAUAG"
"mmu-mir-3073b","AUGGUCACAGUGGACAUCAACC","CUGGCGCCAACUGUGACCACUG","AUGGUCACAGUGGACAUCAACCCAUCUAGACUCUAGGGCUGGCGCCAACUGUGACCACUG"
"mmu-mir-3075","UGUCUGGGAGCAGCCAAGGAC","AUCCUUGGCCUUCCUAGGUGU","UGUCUGGGAGCAGCCAAGGACAAGUUACCUCUUGUCUUCUAUCCUUGGCCUUCCUAGGUGU"
"mmu-mir-3079","UUUGAUCUGAUGAGCUAAGCUGG","CAGGCUCAUCAGAUGAAAGUC","UUUGAUCUGAUGAGCUAAGCUGGAGUUCCCAUUCACCUGGCUCCAGGCUCAUCAGAUGAAAGU"
"mmu-mir-3080","UGAAGCGCCUGUUCUUGGAU","UCCUCGGGCAAAGCGCUUGACA","UGAAGCGCCUGUUCUUGGAUCGUGGCCCUGUAGUCAUCCUCGGGCAAAGCGCUUGACA"
"mmu-mir-3081","GACUGGAGCUUGGAGCGGUGAGC","UUGCGCUCCGAUCUCUGAGCUGG","AGACUGGAGCUUGGAGCGGUGAGCUGGACUCGGGCUUGCGCUCCGAUCUCUGAGCUGG"
"mmu-mir-3085","AGGUGCCAUUCCGAGGGCCAAGAGU","UCUGGCUGCUAUGGCCCCCUC","AGGUGCCAUUCCGAGGGCCAAGAGUCUGAAUAUGAGUCACUCUGGCUGCUAUGGCCCCCUC"
"mmu-mir-3086","UAGAUUGUAGGCCCAUUGGA","CCCAAUGAGCCUACAGUCUAAG","UAGAUUGUAGGCCCAUUGGAAGGGUUAGCGUCUUGACCCCAAUGAGCCUACAGUCUAAG"
"mmu-mir-3090","GUCUGGGUGGGGCCUGAGAUC","UCCCAGGUGACACCCUGACUCA","GUCUGGGUGGGGCCUGAGAUCCUGAAUUUCUAAUGAGCUCCCAGGUGACACCCUGACUCA"
"mmu-mir-3091","CAUGGGUCUGGUUGGGCCCGC","CGGGCCUGACCAGUCUCAAGAC","CAUGGGUCUGGUUGGGCCCGCAGACUCGGAGUGCGGGCCUGACCAGUCUCAAGAC"
"mmu-mir-3092","AGGGGAAAAUGCCUUUCUCCCA","GAAUGGGGCUGUUUCCCCUCC","AGGGGAAAAUGCCUUUCUCCCAGUUUCCUGAUCUUUGUGUCUGGGAAUGGGGCUGUUUCCCCUCC"
"mmu-mir-3093","CGCACCCCGCGGAGCUCACACU","UGUGGACACCGUGGGAGGUUGG","CGCACCCCGCGGAGCUCACACUCGACCUUCCAGAGAAGGGUGUGGACACCGUGGGAGGUUGG"
"mmu-mir-3095","AAGCUUUCUCAUCUGUGACACU","UGGACACUGGAGAGAGAGCUUUU","AAGCUUUCUCAUCUGUGACACUCGAGAUGGUUUCAGGGAGUGGACACUGGAGAGAGAGCUUUU"
"mmu-mir-3098","UCCUAACAGCAGGAGUAGGAGC","UUCUGCUGCCUGCCUUUAGGA","UCCUAACAGCAGGAGUAGGAGCUCUGAUUAUCCCCUGCUUCUGCUGCCUGCCUUUAGGACC"
"mmu-mir-3099","CCAGCUUCCUUCCAGCCCUUG","UAGGCUAGAGAGAGGUUGGGGA","CCAGCUUCCUUCCAGCCCUUGAUGUUUUAGUACGCACAUAGGCUAGAGAGAGGUUGGGGA"
"mmu-mir-30a","UGUAAACAUCCUCGACUGGAAG","CUUUCAGUCGGAUGUUUGCAGC","UGUAAACAUCCUCGACUGGAAGCUGUGAAGCCACAAAUGGGCUUUCAGUCGGAUGUUUGCAGC"
"mmu-mir-30b","UGUAAACAUCCUACACUCAGCU","CUGGGAUGUGGAUGUUUACGUC","UGUAAACAUCCUACACUCAGCUGUCAUACAUGCGUUGGCUGGGAUGUGGAUGUUUACGUC"
"mmu-mir-30c-1","UGUAAACAUCCUACACUCUCAGC","CUGGGAGAGGGUUGUUUACUCC","UGUAAACAUCCUACACUCUCAGCUGUGAGCUCAAGGUGGCUGGGAGAGGGUUGUUUACUCC"
"mmu-mir-30c-2","UGUAAACAUCCUACACUCUCAGC","CUGGGAGAAGGCUGUUUACUCU","UGUAAACAUCCUACACUCUCAGCUGUGAAAAGUAAGAAAGCUGGGAGAAGGCUGUUUACUCU"
"mmu-mir-30d","UGUAAACAUCCCCGACUGGAAG","CUUUCAGUCAGAUGUUUGCUGC","UGUAAACAUCCCCGACUGGAAGCUGUAAGCCACAGCCAAGCUUUCAGUCAGAUGUUUGCUGC"
"mmu-mir-30e","UGUAAACAUCCUUGACUGGAAG","CUUUCAGUCGGAUGUUUACAGC","UGUAAACAUCCUUGACUGGAAGCUGUAAGGUGUUGAGAGGAGCUUUCAGUCGGAUGUUUACAGC"
"mmu-mir-31","AGGCAAGAUGCUGGCAUAGCUG","UGCUAUGCCAACAUAUUGCCAUC","AGGCAAGAUGCUGGCAUAGCUGUUGAACUGAGAACCUGCUAUGCCAACAUAUUGCCAUC"
"mmu-mir-3101","GGUACCAUUGACUAAAGCUAG","UAGCUUUGGUGGAUGGUCUUU","GGUACCAUUGACUAAAGCUAGUACUAUAGGCUUGCCUCUAGCUUUGGUGGAUGGUCUUU"
"mmu-mir-3105","AGAGCAAGCCCGUAAGCAGCGU","ACUGCUUAUGAGCUUGCACUCC","AGAGCAAGCCCGUAAGCAGCGUAAGUUACUGAGGAACACUGCUUAUGAGCUUGCACUCC"
"mmu-mir-3109","AAUGGAUGCGAUGGUUCCCAUGCU","UAGGGCCAUCUCAUCCAGAUA","AAUGGAUGCGAUGGUUCCCAUGCUGUUCUGAGGCAGAGCUAGGGCCAUCUCAUCCAGAUA"
"mmu-mir-3110","UUCUGCCUCCCCUGAAGGCUC","GCACUCCAUCGGAGGCAGACAC","UUCUGCCUCCCCUGAAGGCUCUGUUGUCACUCUGGGCACUCCAUCGGAGGCAGACAC"
"mmu-mir-3112","ACAUAGAAAAGGCAGUCUGCA","CAGUUUGUCUCUUCUUUGUCU","ACAUAGAAAAGGCAGUCUGCAUUUAUUCUGGAGCUGCAGUUUGUCUCUUCUUUGUCU"
"mmu-mir-32","UAUUGCACAUUACUAAGUUGCA","CAAUUUAGUGUGUGUGAUAUU","UAUUGCACAUUACUAAGUUGCAUGUUGUCACGGCCUCAAUGCAAUUUAGUGUGUGUGAUAUU"
"mmu-mir-320","GCCUUCUCUUCCCGGUUCUUCC","AAAAGCUGGGUUGAGAGGGCGA","GCCUUCUCUUCCCGGUUCUUCCCGGAGUCGGGAAAAGCUGGGUUGAGAGGGCGA"
"mmu-mir-322","CAGCAGCAAUUCAUGUUUUGGA","AAACAUGAAGCGCUGCAACAC","CAGCAGCAAUUCAUGUUUUGGAGUAUUGCCAAGGUUCAAAACAUGAAGCGCUGCAACA"
"mmu-mir-323","AGGUGGUCCGUGGCGCGUUCGC","CACAUUACACGGUCGACCUCU","AGGUGGUCCGUGGCGCGUUCGCUUCAUUUAUGGCGCACAUUACACGGUCGACCUCU"
"mmu-mir-324","CGCAUCCCCUAGGGCAUUGGUGU","CCACUGCCCCAGGUGCUGCU","CGCAUCCCCUAGGGCAUUGGUGUAAAGCUGGAGACCCACUGCCCCAGGUGCUGCUGG"
"mmu-mir-325","CCUAGUAGGUGCUCAGUAAGUGU","UUUAUUGAGCACCUCCUAUCAA","CCUAGUAGGUGCUCAGUAAGUGUUUGUGACAUAAUUCGUUUAUUGAGCACCUCCUAUCAA"
"mmu-mir-326","GGGGGCAGGGCCUUUGUGAAGGCG","CCUCUGGGCCCUUCCUCCAGU","UGGGGGCAGGGCCUUUGUGAAGGCGGGUUAUGCUCAGAUCGCCUCUGGGCCCUUCCUCCAG"
"mmu-mir-328","GGGGGGCAGGAGGGGCUCAGGG","CUGGCCCUCUCUGCCCUUCCGU","GGGGGGCAGGAGGGGCUCAGGGAGAAAGUAUCUACAGCCCCUGGCCCUCUCUGCCCUUCCG"
"mmu-mir-329","AGAGGUUUUCUGGGUCUCUGUU","AACACACCCAGCUAACCUUUUU","AGAGGUUUUCUGGGUCUCUGUUUCUUUGAUGAGAAUGAAACACACCCAGCUAACCUUUUU"
"mmu-mir-33","GUGCAUUGUAGUUGCAUUGCA","CAAUGUUUCCACAGUGCAUCAC","GUGCAUUGUAGUUGCAUUGCAUGUUCUGGCAAUACCUGUGCAAUGUUUCCACAGUGCAUCA"
"mmu-mir-330","UCUCUGGGCCUGUGUCUUAGGC","GCAAAGCACAGGGCCUGCAGAGA","UCUCUGGGCCUGUGUCUUAGGCUCUUCAAGAUCCAACGAGCAAAGCACAGGGCCUGCAGAGAGG"
"mmu-mir-331","CUAGGUAUGGUCCCAGGGAUCC","GCCCCUGGGCCUAUCCUAGAA","CUAGGUAUGGUCCCAGGGAUCCCAGAUCAAACCAGGCCCCUGGGCCUAUCCUAGAA"
"mmu-mir-335","UCAAGAGCAAUAACGAAAAAUGU","UUUUUCAUUAUUGCUCCUGACC","UCAAGAGCAAUAACGAAAAAUGUUUGUUUUUCGUAAACCGUUUUUCAUUAUUGCUCCUGACC"
"mmu-mir-337","CGGCGUCAUGCAGGAGUUGAUU","UCAGCUCCUAUAUGAUGCCUUU","CGGCGUCAUGCAGGAGUUGAUUGCACAGCCAUUCAGCUCCUAUAUGAUGCCUUU"
"mmu-mir-338","AACAAUAUCCUGGUGCUGAGUG","UCCAGCAUCAGUGAUUUUGUUG","AACAAUAUCCUGGUGCUGAGUGGGUGCACAGUGACUCCAGCAUCAGUGAUUUUGUUGA"
"mmu-mir-339","UCCCUGUCCUCCAGGAGCUCACG","UGAGCGCCUCGGCGACAGAGCCG","UCCCUGUCCUCCAGGAGCUCACGUAUGCCUGCCUGUGAGCGCCUCGGCGACAGAGCCG"
"mmu-mir-340","UUAUAAAGCAAUGAGACUGAUU","UCCGUCUCAGUUACUUUAUAGC","UUAUAAAGCAAUGAGACUGAUUGUCAUAUGUCGUUUGUGGGAUCCGUCUCAGUUACUUUAUAGCC"
"mmu-mir-342","AGGGGUGCUAUCUGUGAUUGAG","UCUCACACAGAAAUCGCACCCGU","AGGGGUGCUAUCUGUGAUUGAGGGACAUGGUCAAUGGAAUUGUCUCACACAGAAAUCGCACCCGUCA"
"mmu-mir-345","GCUGACCCCUAGUCCAGUGCUU","CCUGAACUAGGGGUCUGGAGAC","UGCUGACCCCUAGUCCAGUGCUUGUGGUGGCUACUGGGCCCUGAACUAGGGGUCUGGAGA"
"mmu-mir-346","UGUCUGCCCGAGUGCCUGCCUCU","AGGCAGGGGCUGGGCCUGCAGC","UGUCUGCCCGAGUGCCUGCCUCUCUGUUGCUCUGAAGGAGGCAGGGGCUGGGCCUGCAGC"
"mmu-mir-34a","UGGCAGUGUCUUAGCUGGUUGU","AAUCAGCAAGUAUACUGCCCU","UGGCAGUGUCUUAGCUGGUUGUUGUGAGUAUUAGCUAAGGAAGCAAUCAGCAAGUAUACUGCCCUA"
"mmu-mir-34b","AGGCAGUGUAAUUAGCUGAUUGU","AAUCACUAACUCCACUGCCAUC","AGGCAGUGUAAUUAGCUGAUUGUAGUGCGGUGCUGACAAUCACUAACUCCACUGCCAUC"
"mmu-mir-34c","AGGCAGUGUAGUUAGCUGAUUGC","AAUCACUAACCACACAGCCAGG","AGGCAGUGUAGUUAGCUGAUUGCUAAUAGUACCAAUCACUAACCACACAGCCAGG"
"mmu-mir-350","AAAGUGCAUGCGCUUUGGG","UUCACAAAGCCCAUACACUUUC","AAAGUGCAUGCGCUUUGGGACAGUGAGGAAAAUAAUGUUCACAAAGCCCAUACACUUUCAC"
"mmu-mir-351","UCCCUGAGGAGCCCUUUGAGCCUG","GGUCAAGAGGCGCCUGGGAAC","UCCCUGAGGAGCCCUUUGAGCCUGGAGUGAAAAAAAAAAACAGGUCAAGAGGCGCCUGGGAAC"
"mmu-mir-3544","AGAAAGGCAUCAUAUAGGAGCUG","ACUCCUGCAUGACGCCGUUCCC","AGAAAGGCAUCAUAUAGGAGCUGAAUGGCUGUGCAAUCAACUCCUGCAUGACGCCGUUCCC"
"mmu-mir-361","UUAUCAGAAUCUCCAGGGGUAC","UCCCCCAGGUGUGAUUCUGAUUUGU","UAUCAGAAUCUCCAGGGGUACUUAGUAUUUGAAAAGUCCCCCAGGUGUGAUUCUGAUUUG"
"mmu-mir-362","AAUCCUUGGAACCUAGGUGUGAAU","AACACACCUGUUCAAGGAUUCA","AAUCCUUGGAACCUAGGUGUGAAUGCUGCUUCAGUGCAACACACCUGUUCAAGGAUUCA"
"mmu-mir-363","CAGGUGGAACACGAUGCAAUUU","AAUUGCACGGUAUCCAUCUGUA","CAGGUGGAACACGAUGCAAUUUUGGUUGGUGUAAUAGGAGGAAAAUUGCACGGUAUCCAUCUGUA"
"mmu-mir-365-1","AGGGACUUUUGGGGGCAGAUGUG","UAAUGCCCCUAAAAAUCCUUAU","AGGGACUUUUGGGGGCAGAUGUGUUUCCAUUCCGCUAUCAUAAUGCCCCUAAAAAUCCUUA"
"mmu-mir-365-2","AGGGACUUUCAGGGGCAGCUGUG","UAAUGCCCCUAAAAAUCCUUAU","AGGGACUUUCAGGGGCAGCUGUGUUUCCUGACUCAGUCAUAAUGCCCCUAAAAAUCCUUAU"
"mmu-mir-367","ACUGUUGCUAACAUGCAACUC","AAUUGCACUUUAGCAAUGGUGA","ACUGUUGCUAACAUGCAACUCUGUUGAAUAGAAAUUGGAAUUGCACUUUAGCAAUGGUGA"
"mmu-mir-369","AGAUCGACCGUGUUAUAUUCGC","AAUAAUACAUGGUUGAUCUUU","AGAUCGACCGUGUUAUAUUCGCUUGGCUGACUUCGAAUAAUACAUGGUUGAUCUUU"
"mmu-mir-370","CAGGUCACGUCUCUGCAGUU","GCCUGCUGGGGUGGAACCUGGU","CAGGUCACGUCUCUGCAGUUACACAGCUCAUGAGUGCCUGCUGGGGUGGAACCUGGU"
"mmu-mir-374b","AUAUAAUACAACCUGCUAAGUG","GGUUGUAUUAUCAUUGUCCGAG","AUAUAAUACAACCUGCUAAGUGUUCUAGCACUUAGCAGGUUGUAUUAUCAUU"
"mmu-mir-375","GCGACGAGCCCCUCGCACAAAC","UUUGUUCGUUCGGCUCGCGUGA","GCGACGAGCCCCUCGCACAAACCGGACCUGAGCGUUUUGUUCGUUCGGCUCGCGUGA"
"mmu-mir-376a","GGUAGAUUCUCCUUCUAUGAGU","AUCGUAGAGGAAAAUCCACGU","GUAGAUUCUCCUUCUAUGAGUACAAUAUUAAUGACUAAUCGUAGAGGAAAAUCCACGU"
"mmu-mir-376b","GUGGAUAUUCCUUCUAUGGUUA","AUCAUAGAGGAACAUCCACUU","GUGGAUAUUCCUUCUAUGGUUACGUGCUUCCUGGAUAAUCAUAGAGGAACAUCCACUU"
"mmu-mir-376c","GUGGAUAUUCCUUCUAUGUUUA","AACAUAGAGGAAAUUUCACGU","GUGGAUAUUCCUUCUAUGUUUAUGCUUUUUGUGAUUAAACAUAGAGGAAAUUUCACGU"
"mmu-mir-377","AGAGGUUGCCCUUGGUGAAUUC","AUCACACAAAGGCAACUUUUGU","AGAGGUUGCCCUUGGUGAAUUCGCUUUAUUGAUGUUGAAUCACACAAAGGCAACUUUUGU"
"mmu-mir-378a","CUCCUGACUCCAGGUCCUGUGU","ACUGGACUUGGAGUCAGAAGG","CUCCUGACUCCAGGUCCUGUGUGUUACCUCGAAAUAGCACUGGACUUGGAGUCAGAAGGC"
"mmu-mir-379","UGGUAGACUAUGGAACGUAGG","UAUGUAACAUGGUCCACUAACU","UGGUAGACUAUGGAACGUAGGCGUUAUGUUUUUGACCUAUGUAACAUGGUCCACUAAC"
"mmu-mir-380","AUGGUUGACCAUAGAACAUGCG","UAUGUAGUAUGGUCCACAUCUU","AUGGUUGACCAUAGAACAUGCGCUACUUCUGUGUCGUAUGUAGUAUGGUCCACAUCU"
"mmu-mir-381","AGCGAGGUUGCCCUUUGUAUAUU","UAUACAAGGGCAAGCUCUCUGU","AGCGAGGUUGCCCUUUGUAUAUUCGGUUUAUUGACAUGGAAUAUACAAGGGCAAGCUCUCUGU"
"mmu-mir-382","GAAGUUGUUCGUGGUGGAUUCG","UCAUUCACGGACAACACUUUUU","GAAGUUGUUCGUGGUGGAUUCGCUUUACUUGUGACGAAUCAUUCACGGACAACACUUU"
"mmu-mir-383","AGAUCAGAAGGUGACUGUGGCU","CCACAGCACUGCCUGGUCAGA","AGAUCAGAAGGUGACUGUGGCUUUGGGUGGAUAUUAAUCAGCCACAGCACUGCCUGGUCAGA"
"mmu-mir-384","UGUAAACAAUUCCUAGGCAAUGU","AUUCCUAGAAAUUGUUCACAAU","UGUAAACAAUUCCUAGGCAAUGUGUAUAAUGUUGGUAAGUCAUUCCUAGAAAUUGUUCACAAU"
"mmu-mir-409","AGGUUACCCGAGCAACUUUGCAU","GAAUGUUGCUCGGUGAACCCCU","AGGUUACCCGAGCAACUUUGCAUCUGGAGGACGAAUGUUGCUCGGUGAACCCCU"
"mmu-mir-410","AGGUUGUCUGUGAUGAGUUCG","AAUAUAACACAGAUGGCCUGU","AGGUUGUCUGUGAUGAGUUCGCUUUAUUAAUGACGAAUAUAACACAGAUGGCCUGU"
"mmu-mir-411","UAGUAGACCGUAUAGCGUACG","UAUGUAACACGGUCCACUAACC","UAGUAGACCGUAUAGCGUACGCUUUAUCUGUGACGUAUGUAACACGGUCCACUAAC"
"mmu-mir-412","UGGUCGACCAGCUGGAAAGUAAU","UUCACCUGGUCCACUAGCCG","UGGUCGACCAGCUGGAAAGUAAUUGUUUCUAAUGUACUUCACCUGGUCCACUAGCC"
"mmu-mir-421","CUCAUUAAAUGUUUGUUGAAU","AUCAACAGACAUUAAUUGGGCGC","CUCAUUAAAUGUUUGUUGAAUGAAAAAAUGAAUCAUCAACAGACAUUAAUUGGGCGC"
"mmu-mir-423","UGAGGGGCAGAGAGCGAGACUUU","AGCUCGGUCUGAGGCCCCUCAGU","UGAGGGGCAGAGAGCGAGACUUUUCUAUUUUCCAAAAGCUCGGUCUGAGGCCCCUCAGU"
"mmu-mir-425","AAUGACACGAUCACUCCCGUUGA","AUCGGGAAUGUCGUGUCCGCC","AAUGACACGAUCACUCCCGUUGAGUGGGCACCCAAGAAGCCAUCGGGAAUGUCGUGUCCGCCC"
"mmu-mir-429","GUCUUACCAGACAUGGUUAGA","UAAUACUGUCUGGUAAUGCCGU","GUCUUACCAGACAUGGUUAGAUCUGGAUGCAUCUGUCUAAUACUGUCUGGUAAUGCCGU"
"mmu-mir-431","UGUCUUGCAGGCCGUCAUGCA","CAGGUCGUCUUGCAGGGCUUCU","UGUCUUGCAGGCCGUCAUGCAGGCCACACUGACGGUAACGUUGCAGGUCGUCUUGCAGGGCUUC"
"mmu-mir-433","UACGGUGAGCCUGUCAUUAUUC","AUCAUGAUGGGCUCCUCGGUGU","UACGGUGAGCCUGUCAUUAUUCAGAGAGGCUAGAUCCUCUGUGUUGAGAAGGAUCAUGAUGGGCUCCUCGGUGU"
"mmu-mir-448","GAACAUCCUGCAUAGUGCUGCC","UUGCAUAUGUAGGAUGUCCCAU","GAACAUCCUGCAUAGUGCUGCCAGGAAAUCCCUACUUCAUACUAAGAGGGGGCUGGCUGGUUGCAUAUGUAGGAUGUCCC"
"mmu-mir-449a","UGGCAGUGUAUUGUUAGCUGGU","CAGCUAACAUGCGACUGCUCUC","UGGCAGUGUAUUGUUAGCUGGUUGAGUAUGUGAGCGGCACCAGCUAACAUGCGACUGCUCUC"
"mmu-mir-449c","AGGCAGUGCAUUGCUAGCUGG","CAGUUGCUAGCUGCACUACCCU","AGGCAGUGCAUUGCUAGCUGGCUGUUAGAACUUUAUCCCAACAGUUGCUAGCUGCACUACCCU"
"mmu-mir-450a-1","UUUUGCGAUGUGUUCCUAAUAU","AUUGGGAACAUUUUGCAUAAAU","UUUUGCGAUGUGUUCCUAAUAUGUGCUAUAAUUAUAUUGGGAACAUUUUGCAUAAAU"
"mmu-mir-450a-2","UUUUGCGAUGUGUUCCUAAUAU","AUUGGGGAUGCUUUGCAUUCAU","UUUUGCGAUGUGUUCCUAAUAUGUACUAUGAGUAUAUUGGGGAUGCUUUGCAUUCAU"
"mmu-mir-450b","UUUUGCAGUAUGUUCCUGAAUA","AUUGGGAACAUUUUGCAUGCAU","UUUUGCAGUAUGUUCCUGAAUACAUAACAUAAGCGUAUUGGGAACAUUUUGCAUGCAU"
"mmu-mir-452","UGUUUGCAGAGGAAACUGAGAC","UCAGUCUCAUCUGCAAAGAGGU","AACUGUUUGCAGAGGAAACUGAGACUUUAUAACUAUGUCUCAGUCUCAUCUGCAAAGAGGU"
"mmu-mir-455","UAUGUGCCUUUGGACUACAUCG","GCAGUCCACGGGCAUAUACAC","UAUGUGCCUUUGGACUACAUCGUGAACGCAGCACCAUGCAGUCCACGGGCAUAUACA"
"mmu-mir-463","UACCUAAUUUGUUGUCCAUCAU","UGAUAGACACCAUAUAAGGUAG","UACCUAAUUUGUUGUCCAUCAUGUAAAACAUAAAUGAUGAUAGACACCAUAUAAGGUAGA"
"mmu-mir-465a","UAUUUAGAAUGGCACUGAUGUGA","GAUCAGGGCCUUUCUAAGUAGA","UAUUUAGAAUGGCACUGAUGUGAUAAAAUAAAAAAUUGAUCAGGGCCUUUCUAAGUAGA"
"mmu-mir-465d","UAUUUAGAAUGGUACUGAUGUGA","UGAUCAGGGCCUUUCUGAGUAA","UAUUUAGAAUGGUACUGAUGUGAUGAAAUAAAAAAUUGAUCAGGGCCUUUCUGAGUAAG"
"mmu-mir-470","UUCUUGGACUGGCACUGGUGAGU","AACCAGUACCUUUCUGAGAAGA","UUCUUGGACUGGCACUGGUGAGUUAAACUAAAUACAACCAGUACCUUUCUGAGAAGA"
"mmu-mir-471","UACGUAGUAUAGUGCUUUUCAC","UGAAAGGUGCCAUACUAUGUAU","UACGUAGUAUAGUGCUUUUCACAUUAAACAAAAAGUGAAAGGUGCCAUACUAUGUAUA"
"mmu-mir-483","AAGACGGGAGAAGAGAAGGGAG","UCACUCCUCCCCUCCCGUCUU","AAGACGGGAGAAGAGAAGGGAGUGGUUUUUGGGUGCCUCACUCCUCCCCUCCCGUCUUGU"
"mmu-mir-485","AGAGGCUGGCCGUGAUGAAUUC","AGUCAUACACGGCUCUCCUCUC","AGAGGCUGGCCGUGAUGAAUUCGAUUCAUCUAAACGAGUCAUACACGGCUCUCCUCUCU"
"mmu-mir-486a","UCCUGUACUGAGCUGCCCCGAG","CGGGGCAGCUCAGUACAGGAU","UCCUGUACUGAGCUGCCCCGAGGUCCUUCACUGUGCUCAGCUCGGGGCAGCUCAGUACAGGAUG"
"mmu-mir-487b","UGGUUAUCCCUGUCCUCUUCG","AAUCGUACAGGGUCAUCCACUU","GUGGUUAUCCCUGUCCUCUUCGCUUCACUCAUGCCGAAUCGUACAGGGUCAUCCACUU"
"mmu-mir-488","CCCAGAUAAUAGCACUCUCAA","UUGAAAGGCUGUUUCUUGGUC","CCCAGAUAAUAGCACUCUCAAACAAGUUUCCAUGUUGUUUGAAAGGCUGUUUCUUGGUC"
"mmu-mir-489","UGUCAUAUGUGUGAUGACACUUUCU","AAUGACACCACAUAUAUGGCAGC","UGUCAUAUGUGUGAUGACACUUUCUAAAGUCUUCCAGAAUGACACCACAUAUAUGGCAGC"
"mmu-mir-490","CCAUGGAUCUCCAGGUGGGU","CAACCUGGAGGACUCCAUGCUG","CCAUGGAUCUCCAGGUGGGUCACGUUUAGAUAUACACCAACCUGGAGGACUCCAUGCUGU"
"mmu-mir-491","AGUGGGGAACCCUUCCAUGAGG","CUUAUGCAAGAUUCCCUUCUAC","AGUGGGGAACCCUUCCAUGAGGAGUAGAACACUCCUUAUGCAAGAUUCCCUUCUAC"
"mmu-mir-493","UUGUACAUGGUAGGCUUUC","UGAAGGUCCUACUGUGUGCCAGG","UUGUACAUGGUAGGCUUUCAUUCAUUUUUUGCACAUUCGGUGAAGGUCCUACUGUGUGCCAGG"
"mmu-mir-494","AGGUUGUCCGUGUUGUCUUCUC","UGAAACAUACACGGGAAACCUC","AGGUUGUCCGUGUUGUCUUCUCUUUAUUUAUGAUGAAACAUACACGGGAAACCUCU"
"mmu-mir-495","GAAGUUGCCCAUGUUAUUUUUCG","AAACAAACAUGGUGCACUUCUU","GAAGUUGCCCAUGUUAUUUUUCGCUUUUAUUUGUGACGAAACAAACAUGGUGCACUUCUU"
"mmu-mir-496a","AGGUUGCCCAUGGUGUGUUCA","UGAGUAUUACAUGGCCAAUCUC","AGGUUGCCCAUGGUGUGUUCAUUUUAUUUAUGAUGAGUAUUACAUGGCCAAUCUCC"
"mmu-mir-497a","CAGCAGCACACUGUGGUUUGUA","CAAACCACACUGUGGUGUUAG","CAGCAGCACACUGUGGUUUGUACGGCACUGUGGCCACGUCCAAACCACACUGUGGUGUUAGA"
"mmu-mir-499","UUAAGACUUGCAGUGAUGUUU","GAACAUCACAGCAAGUCUGUGCU","UUAAGACUUGCAGUGAUGUUUAGCUCCUCUGCAUGUGAACAUCACAGCAAGUCUGUGCU"
"mmu-mir-500","AAUCCUUGCUAUCUGGGUGCUUAGU","AAUGCACCUGGGCAAGGGUUCA","AAUCCUUGCUAUCUGGGUGCUUAGUGCUAUCUCAAUGCAAUGCACCUGGGCAAGGGUUCAG"
"mmu-mir-501","AAUCCUUUGUCCCUGGGUGAAA","AAUGCACCCGGGCAAGGAUUUG","AAUCCUUUGUCCCUGGGUGAAAAUGCUAUUUGUAUGCAAUGCACCCGGGCAAGGAUUUGG"
"mmu-mir-503","UAGCAGCGGGAACAGUACUGCAG","GAGUAUUGUUUCCACUGCCUGG","UAGCAGCGGGAACAGUACUGCAGUGAGUGUUUGGUGCCCUGGAGUAUUGUUUCCACUGCCUGG"
"mmu-mir-504","AGACCCUGGUCUGCACUCUAUC","AGGGAGAGCAGGGCAGGGUUUC","GACCCUGGUCUGCACUCUAUCUGUAAACUUACUGAAGGGAGAGCAGGGCAGGGUUUC"
"mmu-mir-505","GGGAGCCAGGAAGUAUUGAUGUU","CGUCAACACUUGCUGGUUUUCU","GGGAGCCAGGAAGUAUUGAUGUUUCUGCCAGGUUAGCGUCAACACUUGCUGGUUUUCUC"
"mmu-mir-509","UACUCCAGAAUGUGGCAAUCAU","UGAUUGACAUUUCUGUAAUGG","UACUCCAGAAUGUGGCAAUCAUGCAUAAUUAAAUGUGAUUGACAUUUCUGUAAUGGA"
"mmu-mir-511","AUGCCUUUUGCUCUGCACUCA","AAUGUGUAGCAAAAGACAGGAU","CAUGCCUUUUGCUCUGCACUCAGUAAAUAAUAAUUUGUGAAUGUGUAGCAAAAGACAGGAU"
"mmu-mir-532","CAUGCCUUGAGUGUAGGACCGU","CCUCCCACACCCAAGGCUUGCA","CAUGCCUUGAGUGUAGGACCGUUGACAUCUUAAUUACCCUCCCACACCCAAGGCUUGCA"
"mmu-mir-539","GGAGAAAUUAUCCUUGGUGUGU","CAUACAAGGAUAAUUUCUUUUU","GGAGAAAUUAUCCUUGGUGUGUUGGCUCUUUUGGAUGAAUCAUACAAGGAUAAUUUCUUUUU"
"mmu-mir-540","CAAGGGUCACCCUCUGACUCUGU","AGGUCAGAGGUCGAUCCUGG","CAAGGGUCACCCUCUGACUCUGUGGCCAAGGGUAGACAGGUCAGAGGUCGAUCCUGGGC"
"mmu-mir-541","AAGGGAUUCUGAUGUUGGUCACACU","UGGCGAACACAGAAUCCAUACU","AAGGGAUUCUGAUGUUGGUCACACUCCAAGAGUUUUAAAAUGAGUGGCGAACACAGAAUCCAUACU"
"mmu-mir-542","CUCGGGGAUCAUCAUGUCACGA","UGUGACAGAUUGAUAACUGAAA","CUCGGGGAUCAUCAUGUCACGAGAUACCACUGUGCCCUUGUGACAGAUUGAUAACUGAAAG"
"mmu-mir-543","AAGUUGCCCGCGUGUUUUUCG","AAACAUUCGCGGUGCACUUCUU","GAAGUUGCCCGCGUGUUUUUCGCUUUAUAUGUGACGAAACAUUCGCGGUGCACUUCUUU"
"mmu-mir-544","UCUUGUUAAAAAGCAGAGUCU","AUUCUGCAUUUUUAGCAAGCUC","UCUUGUUAAAAAGCAGAGUCUGAUUGAGGGGCCAAGAUUCUGCAUUUUUAGCAAGCU"
"mmu-mir-547","CACUUGAGGAUGUACCACCCA","CUUGGUACAUCUUUGAGUGAG","CACUUGAGGAUGUACCACCCAUUUAACAGGAAACAUGCUUGGUACAUCUUUGAGUGAG"
"mmu-mir-551b","GAAAUCAAGCUUGGGUGAGACCU","GCGACCCAUACUUGGUUUCAG","GAAAUCAAGCUUGGGUGAGACCUGGUGCAGAACAGGAAGGCGACCCAUACUUGGUUUCAG"
"mmu-mir-5621","AGGAGGUCCUGGGGCCGCCCUGA","UGGGCCCUCCAGACCUCAUGC","AGGAGGUCCUGGGGCCGCCCUGAAGGCAGAACAUGAGAAUUCUGGGCCCUCCAGACCUCAUGC"
"mmu-mir-5626","GCCCCAUCGAUUAACUGCUUCC","CAGCAGUUGAGUGAUGUGACAC","GCCCCAUCGAUUAACUGCUUCCUGUUCUCAUGACCCGGCAGCAGUUGAGUGAUGUGACAC"
"mmu-mir-574","UGAGUGUGUGUGUGUGAGUGUGU","CACGCUCAUGCACACACCCACA","UGAGUGUGUGUGUGUGAGUGUGUGUCGCUCCAAGUCCACGCUCAUGCACACACCCACA"
"mmu-mir-582","AUACAGUUGUUCAACCAGUUAC","UAACCUGUUGAACAACUGAAC","AUACAGUUGUUCAACCAGUUACUAAUCUAACUAAUUGUAACCUGUUGAACAACUGAACCC"
"mmu-mir-592","AUUGUGUCAAUAUGCGAUGAUGU","UCAUCACGUGGUGACGCAACAU","UUGUGUCAAUAUGCGAUGAUGUGUUGUGAUGGCACAGCGUCAUCACGUGGUGACGCAACAU"
"mmu-mir-598","GCGGUGAUGCCGAUGGUGCGAGC","UACGUCAUCGUCGUCAUCGUUA","GCGGUGAUGCCGAUGGUGCGAGCUGAAAAUGGGCUGCUACGUCAUCGUCGUCAUCGUUA"
"mmu-mir-615","GGGGGUCCCCGGUGCUCGGAUC","UCCGAGCCUGGGUCUCCCUCUU","GGGGGUCCCCGGUGCUCGGAUCUCGAGGGUGCUUAUUGUUCGGUCCGAGCCUGGGUCUCCCUCU"
"mmu-mir-652","CAACCCUAGGAGGGGGUGCCAUUC","AAUGGCGCCACUAGGGUUGUG","CAACCCUAGGAGGGGGUGCCAUUCACAUAGAGUAUAAUUGAAUGGCGCCACUAGGGUUGUG"
"mmu-mir-653","GUGUUGAAACAAUCUCUACUG","UUCACUGGAGUUUGUUUCAGU","UUGAAACAAUCUCUACUGAACCAAGCUCCAAAGCGAGUUCACUGGAGUUUGUUUCAGUA"
"mmu-mir-666","AGCGGGCACAGCUGUGAGAGCC","GGCUGCAGCGUGAUCGCCUGCU","AGCGGGCACAGCUGUGAGAGCCCCCUAGGUACAGCGGGGCUGCAGCGUGAUCGCCUGCUCA"
"mmu-mir-667","CGGUGCUGGUGGAGCAGUGAGCACG","UGACACCUGCCACCCAGCCCAAG","CGGUGCUGGUGGAGCAGUGAGCACGCCAUACAUUAUAUCUGUGACACCUGCCACCCAGCCCAAG"
"mmu-mir-670","AUCCCUGAGUGUAUGUGGUGAA","UUUCCUCAUAUCCAUUCAGGAGUGU","AUCCCUGAGUGUAUGUGGUGAACCUGAACUUGCCCUGGGUUUCCUCAUAUCCAUUCAGGAGUGU"
"mmu-mir-671","AGGAAGCCCUGGAGGGGCUGGAG","UCCGGUUCUCAGGGCUCCACC","AGGAAGCCCUGGAGGGGCUGGAGGUGAUGGAUGUUUUCCUCCGGUUCUCAGGGCUCCACC"
"mmu-mir-6715","ACAGGCACCACAGGUUUGAGCAU","CCAAACCAGGCGUGCCUGUGG","ACAGGCACCACAGGUUUGAGCAUUUUGAUUGAAUUGCCAAACCAGGCGUGCCUGUGG"
"mmu-mir-672","UGAGGUUGGUGUACUGUGUGUGA","ACACACAGUCACUAUCUUCGA","UGAGGUUGGUGUACUGUGUGUGAGUAUACAUAUUUAUCACACACAGUCACUAUCUUCGAA"
"mmu-mir-673","CUCACAGCUCUGGUCCUUGGAG","UCCGGGGCUGAGUUCUGUGCACC","CUCACAGCUCUGGUCCUUGGAGCUCCAGAGAAAAUGUUGCUCCGGGGCUGAGUUCUGUGCACC"
"mmu-mir-674","GCACUGAGAUGGGAGUGGUGUA","CACAGCUCCCAUCUCAGAACAA","GCACUGAGAUGGGAGUGGUGUAAGGCUCAGGUAUGCACAGCUCCCAUCUCAGAACAA"
"mmu-mir-675","UGGUGCGGAAAGGGCCCACAGU","CUGUAUGCCCUAACCGCUCAGU","UGGUGCGGAAAGGGCCCACAGUGGACUUGGUACACUGUAUGCCCUAACCGCUCAGU"
"mmu-mir-676","ACUCUACAACCUUAGGACUUGC","CCGUCCUGAGGUUGUUGAGCU","ACUCUACAACCUUAGGACUUGCAGAAUUAAAGGAAUGCCGUCCUGAGGUUGUUGAGCUG"
"mmu-mir-700","UAAGGCUCCUUCCUGUGCUUGC","CACGCGGGAACCGAGUCCACC","UAAGGCUCCUUCCUGUGCUUGCAGGGGAGAAAUACGAACUGCACGCGGGAACCGAGUCCACC"
"mmu-mir-701","UUAGCCGCUGAAAUAGAUGGA","UAUCUAUUAAAGAGGCUAGC","UUAGCCGCUGAAAUAGAUGGAUUGUAUAGAUGAGGUUCUAUCUAUUAAAGAGGCUAGCC"
"mmu-mir-708","AAGGAGCUUACAAUCUAGCUGGG","CAACUAGACUGUGAGCUUCUAG","AAGGAGCUUACAAUCUAGCUGGGGGUAGAUGACUUGCACUUGAACACAACUAGACUGUGAGCUUCUAGA"
"mmu-mir-7211","UCUUUCCCUCUGCCACUCCACC","UGGAGUGACUGUAGGGAGGAUGC","UCUUUCCCUCUGCCACUCCACCGCUGGGAGCUUGUGUCUGUGGAGUGACUGUAGGGAGGAUGC"
"mmu-mir-7220","GGUGAGCUCUUGGUACCUUGGC","CCAGGAACAAGGUCUCAGUCCGA","GGUGAGCUCUUGGUACCUUGGCGACAAGAAGGUGAGCCCAGGAACAAGGUCUCAGUCCGA"
"mmu-mir-741","UACGUAGAUUGGUACCUAUCAUG","UGAGAGAUGCCAUUCUAUGUAGA","UACGUAGAUUGGUACCUAUCAUGUAAAUCAUGUAAGCAUGAGAGAUGCCAUUCUAUGUAGA"
"mmu-mir-742","UACUCACAUGGUUGCUAAUCA","GAAAGCCACCAUGCUGGGUAAA","UACUCACAUGGUUGCUAAUCACGUGAAGUGUAGGUGAAAGCCACCAUGCUGGGUAAA"
"mmu-mir-743a","UAUUCAGAUUGGUGCCUGUCAU","GAAAGACACCAAGCUGAGUAGA","UAUUCAGAUUGGUGCCUGUCAUGUUUAUAAGAAUGAAAGACACCAAGCUGAGUAGA"
"mmu-mir-743b","UGUUCAGACUGGUGUCCAUCA","GAAAGACAUCAUGCUGAAUAGA","UGUUCAGACUGGUGUCCAUCAUGUGAAAUAUUUGUGAAAGACAUCAUGCUGAAUAGA"
"mmu-mir-744","UGCGGGGCUAGGGCUAACAGCA","CUGUUGCCACUAACCUCAACCU","UGCGGGGCUAGGGCUAACAGCAGUCUUACUGACGGUUUCCUGGAAACCACACACAUGCUGUUGCCACUAACCUCAACC"
"mmu-mir-758","UGGUUGACCAGAGAGCACACG","UUUGUGACCUGGUCCACUA","UGGUUGACCAGAGAGCACACGCUAUAUUUGUGCCGUUUGUGACCUGGUCCACUAACCC"
"mmu-mir-760","CCCCUCAGGCCACCAGAGCCCGG","CGGCUCUGGGUCUGUGGGGA","CCCCUCAGGCCACCAGAGCCCGGAUACCUCAGAAAUUCGGCUCUGGGUCUGUGGGGAG"
"mmu-mir-7647","AACUACCACCUCCUGGCCUUUU","AAGUCCAGGAGGUGGUAGUAC","AACUACCACCUCCUGGCCUUUUUUUUAAAAAGCACCAAAAGUCCAGGAGGUGGUAGUACA"
"mmu-mir-770","AGCACCACGUGUCUGGGCCACG","CGUGGGCCUGACGUGGAGCUGG","AGCACCACGUGUCUGGGCCACGUGAGCAACGCCACGUGGGCCUGACGUGGAGCUGG"
"mmu-mir-7a-1","UGGAAGACUAGUGAUUUUGUUGU","CAACAAAUCACAGUCUGCCAUA","UGGAAGACUAGUGAUUUUGUUGUUUUUAGAUAACUAAAACGACAACAAAUCACAGUCUGCCAUA"
"mmu-mir-7a-2","UGGAAGACUAGUGAUUUUGUUGU","CAACAAGUCCCAGUCUGCCACA","UGGAAGACUAGUGAUUUUGUUGUUGUGUCUCUGUAUCCAACAACAAGUCCCAGUCUGCCACA"
"mmu-mir-7b","UGGAAGACUUGUGAUUUUGUUGUU","CAACAAGUCACAGCCAGCCUCA","UGGAAGACUUGUGAUUUUGUUGUUCUGAUAUGAUAUGACAACAAGUCACAGCCAGCCUCA"
"mmu-mir-802","UCAGUAACAAAGAUUCAUCCUU","ACGGAGAGUCUUUGUCACUCAG","UCAGUAACAAAGAUUCAUCCUUGUGUCAAUCAUACAACACGGAGAGUCUUUGUCACUCAGU"
"mmu-mir-871","UAUUCAGAUUAGUGCCAGUCAUG","UGACUGGCACCAUUCUGGAUAAU","UAUUCAGAUUAGUGCCAGUCAUGUGAAAUACAUAUGACUGGCACCAUUCUGGAUAAU"
"mmu-mir-872","AAGGUUACUUGUUAGUUCAGG","UGAACUAUUGCAGUAGCCUCCU","AAGGUUACUUGUUAGUUCAGGACCUCAUUACUUUCUGCCUGAACUAUUGCAGUAGCCUCCU"
"mmu-mir-873a","GCAGGAACUUGUGAGUCUCCU","GAGACUGACAAGUUCCCGGGA","UGCAGGAACUUGUGAGUCUCCUAUUGAAAAUAGACAGGAGACUGACAAGUUCCCGGGAA"
"mmu-mir-874","CGGCCCCACGCACCAGGGUAAG","CUGCCCUGGCCCGAGGGACCGA","CGGCCCCACGCACCAGGGUAAGAGAGACUCACUUCCUGCCCUGGCCCGAGGGACCGAC"
"mmu-mir-875","UAUACCUCAGUUUUAUCAGGUG","CCUGAAAAUACUGAGGCUAUG","UAUACCUCAGUUUUAUCAGGUGUUCAUUAAAAUCACCUGAAAAUACUGAGGCUAUGU"
"mmu-mir-877","GUAGAGGAGAUGGCGCAGGG","UGUCCUCUUCUCCCUCCUCCCA","GUAGAGGAGAUGGCGCAGGGGACACAAGGUAGGCCUUGCGGGUCUGUGGACCCUUGGACAUGUGUCCUCUUCUCCCUCCUCCCAG"
"mmu-mir-878","UAUCUAGUUGGAUGUCAAGACA","GCAUGACACCACACUGGGUAGA","UAUCUAGUUGGAUGUCAAGACACGUGAAACUUAAGUGCAUGACACCACACUGGGUAGA"
"mmu-mir-879","AGAGGCUUAUAGCUCUAAGCC","GCUUAUGGCUUCAAGCUUUCGG","AGAGGCUUAUAGCUCUAAGCCUUGGAUGAAAGAGGCUUAUGGCUUCAAGCUUUCGG"
"mmu-mir-880","UACUCAGAUUGAUAUGAGUCA","UACUCCAUCCUCUCUGAGUAGA","UACUCAGAUUGAUAUGAGUCACUUCCUAUUGCAUGUUACUCCAUCCUCUCUGAGUAGA"
"mmu-mir-881","CAGAGAGAUAACAGUCACAUCU","AACUGUGUCUUUUCUGAAUAGA","UAUUCAGAGAGAUAACAGUCACAUCUUUUCUAAAGUAACUGUGUCUUUUCUGAAUAGA"
"mmu-mir-883a","UGCUGAGAGAAGUAGCAGUUAC","UAACUGCAACAGCUCUCAGUAU","UGCUGAGAGAAGUAGCAGUUACUUUAUUCUAUAAGUAACUGCAACAGCUCUCAGUAUU"
"mmu-mir-883b","UACUGAGAAUGGGUAGCAGUCA","UAACUGCAACAUCUCUCAGUAU","UACUGAGAAUGGGUAGCAGUCACUUUGUACUAUGAGUAACUGCAACAUCUCUCAGUAUU"
"mmu-mir-92a-1","AGGUUGGGAUUUGUCGCAAUGCU","UAUUGCACUUGUCCCGGCCUG","AGGUUGGGAUUUGUCGCAAUGCUGUGUUUCUCUGUAUGGUAUUGCACUUGUCCCGGCCUGU"
"mmu-mir-92a-2","AGGUGGGGAUUGGUGGCAUUAC","UAUUGCACUUGUCCCGGCCUG","AGGUGGGGAUUGGUGGCAUUACUUGUGUUAGAUAUAAAGUAUUGCACUUGUCCCGGCCUGA"
"mmu-mir-92b","AGGGACGGGACGUGGUGCAGUGUU","UAUUGCACUCGUCCCGGCCUCC","AGGGACGGGACGUGGUGCAGUGUUGUUCUUUCCCCUGCCAAUAUUGCACUCGUCCCGGCCUCC"
"mmu-mir-93","CAAAGUGCUGUUCGUGCAGGUAG","ACUGCUGAGCUAGCACUUCCCG","CAAAGUGCUGUUCGUGCAGGUAGUGUAAUUACCUGACCUACUGCUGAGCUAGCACUUCCCGA"
"mmu-mir-96","UUUGGCACUAGCACAUUUUUGCU","CAAUCAUGUGUAGUGCCAAUAU","UUUGGCACUAGCACAUUUUUGCUUGUGUCUCUCCGCUGUGAGCAAUCAUGUGUAGUGCCAAUAU"
"mmu-mir-98","UGAGGUAGUAAGUUGUAUUGUU","CUAUACAACUUACUACUUUCCU","UGAGGUAGUAAGUUGUAUUGUUGUGGGGUAGGGAUUUUAGGCCCCAGUAAGAAGAUAACUAUACAACUUACUACUUUCC"
"mmu-mir-99a","AACCCGUAGAUCCGAUCUUGUG","CAAGCUCGUUUCUAUGGGUCU","AACCCGUAGAUCCGAUCUUGUGGUGAAGUGGACCGCGCAAGCUCGUUUCUAUGGGUCUG"
"mmu-mir-99b","CACCCGUAGAACCGACCUUGCG","CAAGCUCGUGUCUGUGGGUCCG","CACCCGUAGAACCGACCUUGCGGGGCCUUCGCCGCACACAAGCUCGUGUCUGUGGGUCCG"
